用户,转发数,评论数,点赞数,评论
JDG京东电子竞技俱乐部,58,76,965,【赛场集锦】  「S12世界赛赛场返图Part 3」📷  抖落一组京人可爱pose照，我京镜头感十足 提问环节：大家拍照时都常用哪位选手摆出的造型？  #坚定你所相信#JDG 
JDG_Missing,18,76,381,#微博头像挂件# Make It Real，坚定你所相信！我正在使用“JDG”会员专属头像挂件，一起为JDG加油打气，你也快带上吧！ 头像挂件：S12-JDG 
英雄联盟手游赛事,2114,2344,6993,#陈卓璇WRL舞台首秀#特邀歌手@陈卓璇 为JDG、FPX两支战队加油助威！期待各位选手赛出风格，为观众们带来一场视觉盛宴！同时，她将在#WRL2#全新演绎《破晓来时》，今晚19:00，让我们一同期待！英雄联盟手游赛事 英雄联盟手游赛事的微博视频 
JoKer874,22,77,603,分析了一些战术和操作上关键的地方，明年争取卷土重来，LPL加油！[二哈]|#英雄联盟s12##2022全球总决赛##S12赛评团##jdg对战t1# http://t.cn/A6oOHa3J ​
虎扑电竞,6,18,150,【JDG电子竞技俱乐部发布J-Log：369的摇号系统】||河道剑魔/赛季纳尔/抗压酒桶|队伍开心果/气氛调节剂/人间感冒灵||这里没有他的名字|但却能从每一个词中看到他的影子|在奥恩召唤而来的雷霆闪电中|我们见证他的传说|轮到你了 999||“我可以接受失败，但是没有害怕过”||cr.JDG电子竞技俱乐部|| ​
玩加电竞LOL,0,16,85,【JDG发布选手日常：选手已安全抵达国内】  @JDG京东电子竞技俱乐部 ： 报告！前方选手已安全抵达国内 兄弟们一切行程平安顺利，请大家放心  #英雄联盟S12# #2022全球总决赛# 
游久电竞,0,0,0,【NEST2022英雄联盟线上预选赛选手大名单】A组：AL、BLG、iG、JDGB组：WE、OMG、UP、LNGC组：LGD、RNG、EDGD组：TT、TES、FPX#NEST2022# #FPX一队出战NEST# 
虎扑电竞,5,25,203,【JR热议】全部淘汰！世界赛前管泽元心中TOP10选手，没有一人进入到决赛在世界赛开始前的《米勒赛事速递》节目中，解说管泽元给出了自己心中的S12选手排行TOP10，上榜的选手分布于GEN、TES、JDG、EDG四支战队中。1.Ruler2.Tian3.Peanut4.Kanavi5.Chovy6.3697.Lehends8.Jackeylove9 ...全文
疾风怪宝,0,17,23,【NEST2022英雄联盟预选赛将于11月10日至11月15日在线上举行】A组：AL、BLG、iG、JDGB组：WE、OMG、UP、LNGC组：LGD、RNG、EDGD组：TT、TES、FPX#S12竞燃有我##超话创作官# 
大电竞eSportsFocus,0,3,13,#NEST2022# NEST2022英雄联盟线上预选赛即将于11月10日与大家见面，当序幕拉开，英雄登场，将会呈现怎样的精彩？预选赛赛程：2022年11月10日至11月15日队伍分组：A组：AL、BLG、iG、JDGB组：WE、OMG、UP、LNGC组：LGD、RNG、EDGD组：TT、TES、FPX赛制：14支队伍随机分为四个小组，每组进行 ...全文
小鱼不爱吃鱼38324,0,0,0,zzr 我还以为zzr去jdg了呢 
本就张扬古怪,0,0,0,#为LPL出征S12助威##酷睿i9，为超神而生#  @英特尔中国 S6入坑到S12 也算是见证了lpl一步步成长到现在，虽然这次rng和edg都饮恨八强 但还有jdg这一线希望，jdg加油 ，把S12的冠军奖杯继续留在lpl。 
英雄联盟特长生资讯,0,5,3,2022全球总决赛将于北京时间11月6日早上8点迎来巅峰对决，T1、DRX强强对话冲击冠军!近日英雄联盟赛事数据官博统计了S12淘汰赛阶段的选手、战队、英雄最数据：最多单杀选手——DRX.Zeka(7次);血腥程度最高战队——T1，第二、三名是JDG、RNG。#英雄联盟##2022全球总决赛# 
LOLM电竞糕校生,0,0,0,#WRL2#第二届英雄联盟手游职业联赛 常规赛第一阶段W3D4 #NV击败WHG#@NOVA英雄联盟手游分部 获胜赛后采访：@Yami1· @子琪Michelle_ ：”今天NaiDI用恐怖如斯形容你，为什么今天阿利斯塔发挥的这么好？”NV.yami：“昨天看JDG打FPX，Doki玩的阿利斯塔，感觉我牛瘾犯了，手感挺不错的。” ...全文
Plutoless,0,0,0,哇，英文流开头还会介绍选手生涯。打JDG这场就介绍的姑妈在k杯打韩华拿了MVP，感觉好用心啊……还介绍了lol the next这个节目里的T1选手们。还讲了一点去年转会期的小故事，真好。附一张出场场次的对比2333感觉英文流好喜欢369哥诶，还有很多页的小绘本，卡瓦！！真的很喜欢英文流……怎么说呢，谢 ...全文
Score赛高,3,13,41,【2022NEST出战大名单】A组：AL、BLG、iG、JDGB组：WE、OMG、UP、LNGC组：LGD、RNG、EDGD组：TT、TES、FPX#FPX一队出战NEST##NEST2022#  英雄联盟 
虎扑电竞,1,6,12,【NEST预选赛A组选手名单：仅BLG有一队参加，其余均为二队】A组：AL、BLG、iG、JDG#NEST2022# #英雄联盟# 
本就张扬古怪,0,0,0,#为LPL出征S12助威##酷睿i9，为超神而生#  @英特尔中国 历经11年LPL走到现在真的很不容易！加油！此志无双！经历过磨难之后才能成就一把锋锐无比的利剑！祝愿中国队再次夺冠，JDG加油，你们一定行！ 
意慾掠夺后,0,0,0,四分之一决赛应该是跟jdg和T1打的训练赛，虽然我感性上支持drx，但是感觉明天应该是T1夺冠了。 
丝路电竞,0,0,0,#NEST2022# 赛制&amp;赛程预选赛赛程：2022年11月10日至11月15日 队伍分组：A组：AL、BLG、iG、JDGB组：WE、OMG、UP、LNGC组：LGD、RNG、EDGD组：TT、TES、FPX赛制：14支队伍随机分为四个小组，每组进行【BO2】单循环积分赛，2:0 胜者积3分、败者不积分，1:1各积1分。线上预 ...全文
玩加电竞LOL,17,69,377,【NEST2022英雄联盟线上预选赛选手大名单】A组：AL、BLG、iG、JDGB组：WE、OMG、UP、LNGC组：LGD、RNG、EDGD组：TT、TES、FPX#NEST2022# #FPX一队出战NEST# 
超话社区,3,8,64,S12英雄联盟世界赛#超话创作官#第四期出炉啦告诉大家一个小秘密㊙️：电竞#超话创作官# @英雄联盟TOP1在10月份期间实现了11.9万的粉丝增长！这粉丝增长的速度就是本超话君也羡慕不来呀！接下来，一起去看下电竞大神在 ...全文
大电竞eSportsFocus,1,6,36,【JDG发布2022NEST参赛名单及赛程表】TOP：unravelJUG：Maggie、zzxMID：InsulatorADC：1xnSUP：Feather#NEST2022##英雄联盟S12# 
玩加电竞LOL,0,20,60,【2022全球总决赛淘汰赛 战队&amp;英雄最数据】最高一血率：RGE &amp; RNG &amp; DRX最高峡谷先锋控制率：JDG最高小龙控制率：RGE最高一塔率：DK最高纳什男爵控制率：T1最高血腥程度：T1最高Ban率英雄：悠米 &amp; 凯特琳最高Pick率英雄：佛耶戈最高胜率英雄：千珏 &amp; 永恩#S12淘汰赛# #英雄联盟S12# 
JDG京东电子竞技俱乐部,1,30,274,【2022NEST参赛名单及赛程表】NEST2022英雄联盟线上预选赛赛程来啦！JDG分至A组，战队参赛名单如下图所示首场比赛为11月10日15:30对战iG秉持信念，坚定向前，JDG GO！#NEST2022##坚定你所相信#JDG 
虎扑电竞,1,16,52,【韩网翻译】前EG主教练：我们都能单杀JDG下路，说明韦鲁斯真的很OP#英雄联盟# #英雄联盟s12# #2022全球总决赛# 
nois诺,0,0,0,JDG亚雷妈，本来四强觉得输的很臭，结果一看 淘汰赛数据，亚雷妈，上路单杀王，明年补强赛训组感觉还是可以冲进决赛，选手实力肯定是没有问题的 
琴女你怎么骂人啊,0,6,5,NEST2022英雄联盟线上预选赛选手名单队伍分组：A组：AL、BLG、iG、JDGB组：WE、OMG、UP、LNGC组：LGD、RNG、EDGD组：TT、TES、FPX预选赛赛程：2022年11月10日至11月15日英雄联盟#NEST2022# 
鱼骨下的阳光,0,1,0,今年感觉没啥热度了（补看下）JDG对T1的那场全场无尿点，好看 
可爱的二胖子_,0,0,1,"大家都看 #英雄联盟s12# 了吗！！作为网瘾少女，我看的太热血沸腾了！中国队的表现真的太精彩了，JDG加油！！按耐不住也玩了好几把，自从换了新电脑，用酷睿系统玩游戏那叫一个爽，真的很流畅，性能超强！而且看直播也清晰流畅～ #酷睿i9,为超神而生#@英特尔中国 "
JIE後餘生,0,0,0,#为LPL出征S12助威##酷睿i9，为超神而生#  @英特尔中国 S12正在火热进行中，从S2到S12，见证了我们整个青春。LPL虽然折戟于前7届赛事，但是最近几届我们拿到了3个冠军，证明了世界第一大赛区的实力，不管成功还是失败都祝福LPL披荆斩棘，各个晋级战队能奋勇争先，为edg、jdg加油，369威武 
头发像稻草85,0,0,0,#为LPL出征S12助威##酷睿i9，为超神而生#  @英特尔中国 作为LPL的粉丝，几乎每场直播只要我有空都会守在英特尔酷睿前观看，从s2到s12以来，这11年间LPL走过低谷也登过高峰，这场青春赛事承载了太多人的喜怒哀乐，我相信最多的还是骄傲，s12总决赛来临，让我们一起为中国队加油！为JDG加油! 
直播吧电竞,0,0,2,#NEST2022# NEST2022英雄联盟线上预选赛即将于11月10日与大家见面，当序幕拉开，英雄登场，将会呈现怎样的精彩？预选赛赛程：2022年11月10日至11月15日 队伍分组：A组：AL、BLG、iG、JDGB组：WE、OMG、UP、LNGC组：LGD、RNG、EDGD组：TT、TES、FPX赛制：14支队伍随机分 ...全文
吐槽帝逍遥先森,0,0,0,#酷爽冬游季##游戏先锋团##s12竞燃有我# JDG京东电子竞技俱乐部 分享S12世界赛赛场返图 
孤独是盏灯-Ada,0,0,0,#为LPL出征S12助威##酷睿i9，为超神而生#  @英特尔中国 我是LPL粉丝，只要时间允许每场直播我都会守在英特尔酷睿pc前观看支持他们！s2到s12以来LPL走过低谷也经历过高潮，s12也快到总决赛了！LPL加油，JDG加油！我们一起期待这场青春赛事！ 
业余电竞,0,0,0,#rookie##jdg##957# 业余电竞的微博视频 
芋泥麻薯奶茶c位出道,0,0,0,#为LPL出征S12助威##酷睿i9，为超神而生#  @英特尔中国 JDG加油，为LPL拿下第四冠！精彩比赛，怎么能少得了给力的pc端呢！酷睿i9，为我带来流畅体验，希望JDG能延续传奇，赢得比赛！ 
Minnie·193X177,0,0,0,#为LPL出征S12助威##酷睿i9，为超神而生#  @英特尔中国 让我们一起为LPL助威！为JDG我加油，我相信最终的冠军，一定会是我们的。通过PC端观看赛事直播时，这场赛事的完美展现，离不开酷睿i9，画面的极致舒适。 
天空里好蓝,0,4,1,做成这个样子完全当天就可以放出来的，懒得写脚本懒得配音懒得剪辑最终一键成片。 天空里好蓝的微博视频 
心碎的电竞大叔,15,28,15,众人点评JDG对战T1胜负核心，doinb谈揪心事实，JDG训练赛被虐。 心碎的电竞大叔的微博视频 
LOL手游小虎宝,0,0,0,#WRL2#常规赛第一阶段W3D3 TOP5TOP1:EDG.A1one@A1oneQAQ 薇恩经典蛤蟆位置再度封神TOP2:JDG.Lemon@JDG_Lemon 锐雯无解进场眩晕四人终结比赛TOP3:EDG.A1one@A1oneQAQ 韦鲁斯逆天操作惊艳反杀乱秀暴走TOP4:JDG.Doki@JDG_Doki 牛头强势开团连控众人赢下团战TOP5:FPX.0711@FPX_0711 奥拉夫拿龙砍人砍 ...全文
i手游叔,0,0,2,【JDG分享 S12世界赛赛场返图 📷】#英雄联盟s12##s12竞燃有我# 
兔玩游戏,12,331,3133,@丶涵艺 爆料转会消息：第一 我解释一下 Knight的价格是去年Blg Wbg JDG三家抬起来的，分别都见了父母。但是皓哥用真情和不错的价格打动了K皇🐮！ 4500是实实在在的价格，说我造谣建议律师函。这是谁都没想到的事情！  Viper是我喜欢并尊重的选手，我没有质疑他的态度，我比你们更希望他留，这样的 ...全文
奥恩不打铁,0,0,0,#WRL2#jdg团战完美配合，不料伤害太低只能溃败#FPX对阵JDG# 奥恩不打铁的微博视频 
峡谷滑板鞋,0,0,0,#WRL2#赵信抓住机会进场开启团战，一波一换三赢下团战胜利#FPX对阵JDG# 峡谷滑板鞋的微博视频 
酒桶要减肥,0,0,0,#WRL2#双方小龙团开启团战，卢锡安伤害拉满一波零换四赢下团战#FPX对阵JDG# 酒桶要减肥的微博视频 
渊言非,0,0,0,#为LPL出征S12助威##酷睿i9，为超神而生#  @英特尔中国 LPL征战11年啦，我追随了7年，每场比赛都有喜有忧。而这一次S12赛事，我相信JDG能胜利而归，JDG加油，中国队加油，再创佳绩！ 
FPX英雄联盟手游分部,1,5,12,"【#WRL2# 常规赛第一阶段Week3 】今日FPX鏖战五局以3-2战胜联赛榜首JDG，终结了对手的不败金身！目前队伍以3-2的战绩跻身积分榜第四。接下来我们将会在下周四迎战OMG！披星戴月，步履不停！#信念不熄,热爱当燃# #秋日超星动# "
梦里挑灯看剧,850,473,1261,#2022LPL纪录片定档# 还有人不知道今年的LPL纪录片已经定档了吗！！369到JDG感觉状态整个都不一样了，Doinb在LNG好和谐！用积木和齿轮来形容战队真的很合适了，五个人只有彼此信任共同携手才能赢得胜利，看到赢了比赛选手们和教练们兴奋的样子又一次感受到了竞技的热血与热爱，期待#此志无双# 开播！ 
召唤师Park,26,38,221,#2022LPL纪录片定档# 看预告里有今年JDG逆袭杀出重围变黑马，LNG换上单队内波动、重组后的V5逆风翻盘，#此志无双# 这一波真是春季和夏季赛的经典回顾了，你还记得当初看比赛时印象深刻的瞬间吗？ 
imfingf,0,0,0,很多人不懂野核，也低估了这个版本野核的威慑这个版本野核是可以一打五的dk主要是下路实在是太拉，否则三星根本顶不住，我想看了全程比赛的应该能认同吧和s10人均野核不同，今年是最后一个版本才改的野核，除了京东和dk所以大家还没感受到jdg的强度我不怕被打脸dk下路拉，京东下路 ...全文
锦城LOL,0,0,3,突然发现今年LPL出征四队都被大削了JDG核心Kanavi想回韩国，主教练红米被爆料回国生二胎，如果是真的JDG直接从上流队伍掉到中游。二号种子TES只续约了Jackeylove，这么糟糕的成绩很难留住左手和小天三号种子EDG双韩援到期，Viper留队意愿不强，EDG是很难买到Viper替代品的。Viper对于EDG来说有多重 ...全文
纯情派掌门人·,0,0,0,#为LPL出征S12助威##酷睿i9，为超神而生#  @英特尔中国  从S2到S12，LPL征战11年，我就追随了11年，其中失望过、遗憾过、开心过、自豪过，但更多的还是骄傲，让我们跟着英特尔中国和酷睿i9一起为中国队加油！为JDG加油! 
英雄联盟菌,58,149,1059,【Faker父亲：相赫说即使过了30岁，也想以现役的身份打比赛】S12决赛即将打响，赛前韩媒Naver发文，其中部分内容翻译如下：我们在全球总决赛开始前见到了Faker的父亲，他表示，“相赫说即使过了30岁，也想以现役的身份打比赛。” 而这个愿望更有可能成为现实。对阵JDG第四局，T1的超常发挥打进决赛 ...全文
游戏红人社,31,62,85,“RNG小虎未续约，WBG买红米”，LPL面临大洗牌，UZI：WEI要起飞从现在零零碎碎的消息来看，LPL将在这次转会期过后迎来一次大洗牌。首先来说说本次世界赛成绩最好的JDG战队，JDG战队的选手转会的可能性非常小，如果JDG预算充足的话最多也就是针对下路进行补强。毕竟hope和missing这对组合本次世界赛真 ...全文
忧伤O_o音,0,11,18,blg我说一下哦，你们一定要做心理准备，BLG很有钱，但并不是说最拔尖的那一个，跟WBG，JDG这些队伍比BLG还会差一点意思，还有因为工资帽的关系BLG的阵容一定会有取舍的问题，不可能每个位置都是满意的人选，要有心理准备 
LOL上衫君,0,0,0,复盘2022英雄联盟全球总决赛淘汰赛JDG VS RGE第一局 #英雄联盟 #英雄联盟全球总决赛 #英雄联盟lol# LOL上衫君的微博视频 
峡谷大喇叭,0,4,9,#wrl2# 好帅的一波操作！锐雯直接控住四个完美留人#FPX击败JDG# 峡谷大喇叭的微博视频 
今天也是善良的老王,0,0,0,jdg输的那一刻，比jdg更心碎的应该就是疼竞了。S8，IG夺冠续的气数，也快霍霍完了 
峡谷广播员,0,4,8,#wrl2# 0711这赵信惩戒捏的好紧，对面来抢龙丝毫不给机会啊#FPX击败JDG# 峡谷广播员的微博视频 
玩加电竞LOL,0,3,22,【JDG发布世界赛赛场返图】@JDG京东电子竞技俱乐部 ：再次翻阅每张照片依然能清晰感受到满满的热情，由衷地感谢很多不远千里赶到现场支持的小伙伴。还有那些即使凌晨也准时守在屏幕前，在心里、在弹幕里为我们加油鼓劲的每一个人。一起为共同热爱振臂高呼的感觉太棒啦！一路有你们同行，真 ...全文
JDG京东电子竞技俱乐部,23,102,906,【赛场集锦】「S12世界赛赛场返图Part 2」📷再次翻阅每张照片依然能清晰感受到满满的热情，由衷地感谢很多不远千里赶到现场支持的小伙伴。还有那些即使凌晨也准时守在屏幕前，在心里、在弹幕里为我们加油鼓劲的每一个人。一起为共同热爱振臂高呼的感觉太棒啦！一路有你们同行，真是太好了 ...全文
星光_凰,0,0,1,Ning出不来就算了吧，Theshy，Wei，Rookie，下路实力只要在JDG下路实力之上国产随便谁都可以。这个阵容我觉得还是可以期待一下的。顺便说一句，中单必须韩员，LPL3届S赛冠军中单都是韩员，到现在S12了，国产中单哪一个不是S赛拉夸，隐身？十年了，如果还执迷不悟，只能送一个字“蠢”英雄联盟 
小二电竞,1,2,39,某吧贴出知情人士爆料各战队转会情况！世界赛队伍转会信息似乎坐实！#英雄联盟#英雄联盟JDG确认全员再战一年！ 
筱筱兰蔻,0,0,0,#为LPL出征S12助威##酷睿i9，为超神而生#  @英特尔中国 希望今年JDG夺冠！JDG加油，为LPL拿下第四冠！从IG的夺冠，我就我相信LPL终于站起来了！加油，看好你们，相信你们还能延续传奇！！！ 
输入内容是空,0,1,1,今年春天是最想当队杂的时候我还记得去年转会期第一天队超嚎挂子走了第二天就喜迎彬的样子 整一个川剧变脸笑死有让二追三jdg 也有输ra we3:1胜决 3:2春决 半年bo5一个未输夺冠后解散的队伍才会有招魂的必要 会让人幻想如果没有分开的结局 
用户7752377422,0,1,3,faker对付berly选手最有效的方法，就是硬用操作灌死zeka其实不用慌，对于gank之类的faker是完全不虚的，操作上两者我不敢说，但意识上还是faker更胜一筹。上路我觉得不用担心了，drx无论是小组赛，淘汰赛里， tes，edg和geng上路都是不强的选手。反倒宙斯，和jdg的半决赛，kanavi就差附369身 ...全文
咻咻拳击手,0,0,0,#英雄联盟S12#CANYON男枪“一并超”，JDG负于DK进行加赛！  咻咻拳击手的微博视频 
电竞小小徐,50,70,278,v5前教练曝料：去年JDG给Knight开出4500w工资，左手没去，目前接触LWX的LPL战队很多，Uzi大概率不会复出了。#英雄联盟# #英雄联盟S12# 
不致十枳,0,0,0,#为LPL出征S12助威##酷睿i9，为超神而生#  @英特尔中国 我几年不打英雄联盟了，但当看见JDG英勇杀敌的时候，我的心又沸腾起来了，热血澎湃，激情飞扬，DK加油！LPL加油！中国队加油！我希望你们能拿到冠军，在战场上肆意高昂，那就在6号的总绝赛上见证你们的光辉时刻，我们巅峰再见！中国队Y ...全文
54喷塔QAQ,0,0,0,英雄联盟手游 @英雄联盟手游 @英雄联盟手游赛事 #wrl2# 常规赛第三周对战FPX战队 3-2 JDG战队拿下本场胜利，恭喜恭喜~#竞燃有我##英雄联盟手游# 
大电竞eSportsFocus,8,7,34,【2022全球总决赛淘汰赛 战队&amp;英雄最数据】最高一血率：RGE &amp; RNG &amp; DRX最高峡谷先锋控制率：JDG最高小龙控制率：RGE最高一塔率：DK最高纳什男爵控制率：T1最高血腥程度：T1最高Ban率英雄：悠米 &amp; 凯特琳最高Pick率英雄：佛耶戈最高胜率英雄：千珏 &amp; 永恩#S12淘汰赛# #英雄联盟S12# ...全文
剧综团团,200,201,212,#陈卓璇WRL舞台首秀# 特邀美女姐姐为JDG、FPX两支战队加油助威！今晚19:00，一起来看舞台首秀 
7_Pao,0,0,2,啊啊啊没看到了什么?JDG全员续约?我不管，是真的一定是真的 
狗勾多吃饭_,0,0,0,#为LPL出征S12助威##酷睿i9，为超神而生#  @英特尔中国 #为LPL出征S12助威##酷睿i9，为超神而生#   中国队的精彩表现，太棒了。JDG加油！中国队加油！一定要拿下比赛！冲啊！JDG为你欢呼！ 
头像感觉很好吃,0,1,0,谢谢各位大师 让我觉得我前两天jdg和t1那场完全算错也很正常了 原来大家一样错！ 
吐槽帝逍遥先森,0,0,0,#酷爽冬游季##游戏先锋团##超话创作官##英雄联盟手游# 常规赛第一阶段W3D1 TOP5TOP1:JDG.Feibai@JDG_飞白 亚索狂风绝息斩势不可挡秀翻全场TOP2:TT.Z@TT_粥粥 永恩思路清晰上演细节单杀TOP3:EDG.Tak@EDGTak 牛头控制满中之满无解开团TOP4:JDG.Jiujiu@JDG_jiujiu 发条魔灵无解大招终结比赛TOP5:EDG ...全文
九澜游戏,0,3,2,英雄联盟手游 第二届英雄联盟手游职业联赛 常规赛第一阶段W3D3#WRL2#11月4日 今日赛果&amp;积分榜WBG 2:3 EDGFPX 3:2 JDG恭喜EDG英雄联盟手游分部 FPX英雄联盟手游分部 拿下今日比赛胜利！周末来咯，明日下午14点我们将迎来三场BO5对决：OC对阵KBG，WHG对阵NV，JT对阵OMG。请大家定好闹钟一起 ...全文
i手游叔,0,0,1,【英雄联盟手游职业联赛 #WRL2#常规赛第一阶段W3D3 】FPX 获胜赛后采访：FPX.小马！#英雄联盟手游##FPX击败JDG# i手游叔的微博视频 
魄罗能量小助手,0,1,0,【WRL2】常规赛第一阶段W3D3第五局赛果#WRL2##英雄联盟手游##LOL手游暗夜破晓##FPX击败JDG# 
拾二吨桃·,0,11,59,#米勒娃娃预测S12决赛#太感人辣 wawa老师宁愿说rng jdg菜 也不愿意承认t1强 这何尝不是一种偏爱呢 
王沫沫Cute,0,0,1,【WRL常规赛】FPX赛后采访XIAOMA:感谢今天为我带来这场胜利让我非常开心#WRL2# #FPX击败JDG# #竞燃有我#  王沫沫Cute的微博视频 
英雄联盟手游辰熙,0,12,9,#英雄联盟手游#【职业联赛常规赛第一阶段W3D3】第五局FPX奥拉夫和腕豪各带一路超级兵，JDG抵挡不住FPX的强势进攻，水晶被破，恭喜FPX以3：0拿下本场比赛胜利。#WRL2##FPX击败JDG# 英雄联盟手游辰熙的微博视频 
王东来又回来了,0,0,0,#WRL2##FPX击败JDG#最终 FPX 还是击败了 JDG ，赢得了本场比赛的胜利。不得不说 FPX 的打野核心点位的玩法还是非常成功的，特别是在英雄联盟这个推塔游戏里打野点位，在中后期强势偷塔也能够赢得胜利，所以这一次奥拉夫真的立功了。从某种程度上来说，英雄联盟如果拖到后期，对于一些后期比较强势 ...全文
又又又又又改名字啦,0,0,1,jdg喵神 无论如何，🐱哥最棒 
无言游戏,0,0,0,第五局赛果，恭喜FPX赢得本场比赛！FPX 3:2 JDG#WRL2##FPX击败JDG# 
LOL手游君,0,0,0,英雄联盟手游#WRL2##FPX击败JDG#⭐第二届英雄联盟手游职业赛联赛⭐⭐11.4第二场第五局赛果⭐FPX3：2击败JDG，拿下今日第二场比赛的胜利， 
电竞赛事猪,0,0,0,FPX英雄联盟手游分部#WRL2#第二届英雄联盟手游职业联赛 常规赛第一阶段W3D3#FPX击败JDG# 第五局高地关键时刻中路爆发团战，FPX奥拉夫和腕豪分别带领单人路和双人路纳什男爵buff兵线顺势推掉JDG水晶，拿下本场比赛的胜利。 电竞赛事猪的微博视频 
英雄联盟小灰,0,0,0,第二届英雄联盟手游职业赛联赛FPX 3-2 JDG第五局赛果：#WRL2##FPX击败JDG# 
电竞少女小欣,0,0,0,WRL英雄联盟手游联赛：FPX 3-2 JDG，恭喜FPX成功战胜JDG！#WRL2# #FPX击败JDG# 
游戏主播酱,0,0,0,【2022WRL2 FPX 3-2 JDG】恭喜FPX终结JDG五连胜！#WRL2# #FPX击败JDG# 
电竞安利姬,0,0,0,LOL手游联赛WRL 2 ：常规赛第一阶段比赛 ：FPX 3-2 JDG，恭喜FPX成功击败JDG！#WRL2# #FPX击败JDG# 
电竞游戏日常,1,0,2,LOL手游联赛WRL 2 ：FPX 3-2 JDG，恭喜FPX拿下决胜局，送给JDG赛季首败！#WRL2# #FPX击败JDG# 
电竞游戏日常,1,0,2,LOL手游联赛WRL 2 ：FPX 3-2 JDG，恭喜FPX拿下决胜局，送给JDG赛季首败！#WRL2# #FPX击败JDG# 
游戏圈神吐槽,0,0,0,英雄联盟手游赛事常规赛第一阶段比赛 ：FPX 3-2 JDG，恭喜FPX战胜JDG，打破JDG不败金身！#WRL2# #FPX击败JDG# 
电竞赛事猪,0,0,0,英雄联盟手游赛事#WRL2#第二届英雄联盟手游职业联赛 常规赛第一阶段W3D3#FPX对阵JDG# 赛中高能17分钟，山脉亚龙处爆发团战，卢锡安输出打满，@FPX英雄联盟手游分部 团战打出0换4。 电竞赛事猪的微博视频 
王沫沫Cute,0,0,1,【FPXvsJDG】第五场   赛后数据    MVP    FPX_0711#WRL2# #FPX击败JDG# #竞燃有我# 
LOL手游君,0,0,0,英雄联盟手游#WRL2##FPX对阵JDG#⭐第二届英雄联盟手游职业赛联赛⭐⭐11.4第二场第五局BP情况⭐又到了决赛时间，今日第二场比赛输赢就看本局，你觉得谁会是最后的胜利者？ 
王东来又回来了,0,0,0,#FPX对阵JDG##WRL2#第 4 局， FPX 咬牙反攻，将比分追成 2:2。本局 FPX 拿出了自己的绝活，赵信继续打出打野核心的打法，赵信不负众望，在比赛中横扫全掌，拿下 MVP ，也帮助 FPX 赢得比赛的胜利。这一局赵信的发挥非常不错，无论是抢资源还是推塔都打得非常快，从某种程度上说这也是 FPX 拼命的 ...全文
无言游戏,0,0,1,第四局赛果FPX 2:2 JDG#WRL2##FPX对阵JDG# 
英雄联盟手游辰熙,0,0,2,#英雄联盟手游#【职业联赛常规赛第一阶段W3D3】第四局决胜团，FPX默契配合打出1换5，带领上路兵线点掉JDG水晶，将比分追平，双方来到决胜局！#WRL2##FPX对阵JDG# 英雄联盟手游辰熙的微博视频 
ZN_幽魂,0,0,0,FPX这把真是把中野辅前中期拉满了啊JDG这把蔚的压力太大了啊FPX和JDG阵容六四开#WRL2# #FPX对阵JDG# 欢迎大家加群吹水英雄联盟手游吹水群 
i手游叔,0,0,0,【英雄联盟手游职业联赛#WRL2# 常规赛第一阶段W3D3】 中路团战：赵信大招分割战场，FPX团战打出1换3。#FPX对阵JDG##浪游创作营# i手游叔的微博视频 
电竞少女小欣,0,0,0,WRL英雄联盟手游联赛：FPX 2-2 JDG，恭喜FPX成功将比赛拖入决胜局！#WRL2# #FPX对阵JDG# 
游戏主播酱,0,0,0,【2022WRL2 FPX 2-2 JDG】恭喜FPX再度将比分扳平！#WRL2# #FPX对阵JDG# 
电竞安利姬,0,0,0,LOL手游联赛WRL 2 ：常规赛第一阶段比赛 ：FPX 2-2 JDG，恭喜FPX扳平比分，双方进入第五局！#WRL2# #FPX对阵JDG# 
游戏圈神吐槽,0,0,0,英雄联盟手游赛事常规赛第一阶段比赛 ：FPX 2-2 JDG，恭喜FPX扳平比分！#WRL2# #FPX对阵JDG# 
虎扑电竞,0,5,18,【JDG官方分享S12赛场应援返图：一路有你们同行，真是太好了】 JDG电子竞技俱乐部官博发布一组S12世界赛现场粉丝们的应援返图，原文如下：再次翻阅每张照片依然能清晰感受到满满的热情，由衷地感谢很多不远千里赶到现场支持的小伙伴。还有那些即使凌晨也准时守在屏幕前，在心里、在弹幕里为我们 ...全文
ZN_幽魂,1,1,2,JDG泰坦打野了我记得手游泰坦体验服我就打野可以的FPX这寒冰拉克丝下路中单还是个劫有点难受啊JDG和FPX阵容七三开吧#WRL2# #FPX对阵JDG# 欢迎大家加群吹水英雄联盟手游吹水群 
王沫沫Cute,0,0,1,【FPXvsJDG】第四场    BP#WRL2# #FPX对阵JDG# #竞燃有我# 
王东来又回来了,0,0,0,#FPX对阵JDG##WRL2#第 3 局 JDG 强势翻盘，再夺一次胜利。其实我这一局根本没想到 JDG 会赢，因为 FPX 整场比赛几乎都在压着 JDG 在打，只有最后那一波团战 FPX 一个失误，导致失败之后，被 JDG 一波推翻，反转太激烈了。所以关键的那波团战， JDG 的锐雯发挥真的太出色了，抓住了 FPX 露出的破绽 ...全文
i手游叔,0,0,1,【英雄联盟手游职业联赛 #WRL2#常规赛第一阶段W3D3】#FPX对阵JDG# 中路团战：JDG螳螂抓住时机拿下三连破，JDG 团战打出2换5。#浪游创作营# i手游叔的微博视频 
LOLM电竞糕校生,0,1,0,#FPX对阵JDG# 【FPX 1-2 JDG】恭喜JDG完成翻盘，再下一城拿到赛点！#WRL2# 英雄联盟手游赛事 LOLM电竞糕校生的微博视频 
i手游叔,0,0,1,【第二届英雄联盟手游职业联赛#WRL2# 常规赛第一阶段W3D3】 小龙团战：牛头关键控制完美开团，JDG 螳螂抢到小龙，团战打出1换4。#FPX对阵JDG##浪游创作营# i手游叔的微博视频 
王东来又回来了,0,0,0,#FPX对阵JDG##WRL2#第 2 局 JDG 扛住压力，将比分追到了 1:1 平。第 2 局 JDG 明显更换了思路，并没有采用原来相对接近的打法，而是改用了稳扎稳健的操作风格，在资源控制上也更加小心，几乎控下了所有资源，在这样的情形之下， JDG 拿下本场比赛也非常正常了。有感于上一轮 FPX 抓人和游走的强大 ...全文
ZN_幽魂,0,1,2,FPX还是中野辅前中期节奏团战JDG老三样杰斯莫甘娜螳螂FPX和JDG阵容六四开#WRL2# #FPX对阵JDG# 欢迎大家加群吹水英雄联盟手游吹水群 
王东来又回来了,0,0,0,#FPX对阵JDG##WRL2#第一局 FPX 不负众望，所以先拿下第一局比赛。这一局其实 FPX 做的最好的还是控制资源，基本上所有的资源都掌握在 FPX 手里，没有给 JDG 任何机会，在这样的情形之下，其实是非常考验打野技巧的。而这一局的打野，赵信对于机会的把握做得很好，不仅控下了所有资源，而且给 JDG  ...全文
王沫沫Cute,0,0,1,【FPXvsJDG】第三场    BP#WRL2# #FPX对阵JDG# #竞燃有我# 
游戏主播酱,0,0,0,LOL手游联赛WRL 2 ：双方第三局BP：#WRL2# #FPX对阵JDG# 
英雄联盟小灰,0,0,0,LOL手游联赛WRL 8 ：FPX对阵JDG，第三局BP：#WRL2# #FPX对阵JDG# 
电竞安利姬,0,0,0,LOL手游联赛WRL 2 ：常规赛第一阶段比赛 ：FPX 1-1 JDG，双方第三局BP：#WRL2# #FPX对阵JDG# 
电竞游戏日常,0,0,0,LOL手游联赛WRL 2 ：FPX 1-1 JDG，第三局BP：#WRL2# #FPX对阵JDG# 
王东来又回来了,0,0,0,#FPX对阵JDG##WRL2#从这两天的比赛表现上也可以看得出来，JDG 最近打的是真的不错，所以在目前的情形来看，JDG 是很有可能拿下本场比赛的胜利的。所以我很期待这次 JDG 的表现，希望他们能够赢下本次比赛。 
妄得月198403,0,0,0,JDG英雄联盟手游feibai酱cpdd 
解说十八,0,0,1,第二届#英雄联盟手游#职业联赛 【常规赛第一阶段W3D3】JDG以领先1.3万的经济优势推掉FPX水晶，拿下本场比赛胜利！#WRL2##FPX对阵JDG# 
FPX英雄联盟手游分部,1,2,2,【#WRL2#常规赛第一阶段】本局胜 FPX 1-1 JDG（BO5）比赛第3分钟，我方入侵野区失败被打出0换24分钟，对方峡谷先锋10分钟，我方抢到水龙，但对方打出0换313分钟，我方在野区极限拉扯，打出3换3完成止损17分钟，对方趁我方不备击杀大龙后一波结束比赛，本局遗憾告负#FPX对阵JDG# ...全文
i手游叔,4,12,172,#陈卓璇WRL舞台首秀#【特邀歌手@陈卓璇 为JDG、FPX两支战队加油助威！】她将在#WRL2#全新演绎《破晓来时》，今晚19:00，让我们一同期待！#英雄联盟手游# i手游叔的微博视频 
又又又又又改名字啦,0,0,1,JDG英雄联盟手游11.4赛季记录贴JDG vs FPX 第一局JDG 1:1 FPX 喵哥 
游戏主播酱,0,0,0,LOL手游联赛WRL 2 ：常规赛第一阶段比赛 ：FPX 1-1 JDG，恭喜JDG在先输一局的情况下扳平比分！#WRL2# #FPX对阵JDG# 
游戏圈神吐槽,0,0,0,英雄联盟手游赛事常规赛第一阶段比赛 ：FPX 1-1 JDG，恭喜JDG扳回一城，双方回到同一起跑线！#WRL2# #FPX对阵JDG# 
电竞台,100,89,841,【前V5教练爆料：Viper春季赛就想回LCK了，多多倾向留队】今日前V5教练在微博爆料了关于选手转会期的消息，他表示现在很多韩国选手想要回LCK争取打亚运会的机会，其中就包括EDG的核心Viper和JDG核心Kanavi。Viper从今年春季赛就想回LCK了，能签的队伍有KT NS DK LSB，EDG会尽全力留下他，选 ...全文
凯尔达文,0,11,36,英雄联盟手游 【TT.Z.永恩单杀JDG.Lemon】自从永恩和格温两个英雄入场，ban位实在不够用了！#wrl2##超话创作官##竞燃有我# 凯尔达文的微博视频 
王沫沫Cute,0,0,1,【FPXvsJDG】第二场    BP#WRL2# #FPX对阵JDG# #竞燃有我# 
吃麻辣烫得用盆,50,50,50,#FPX对阵JDG#今晚真是充实的一晚上，看了那么多活动 
悲伤小狗在线淋雨,50,50,50,#FPX对阵JDG#比赛已经进入白热化了期待后面的表现 
英雄联盟手游辰熙,1,11,10,#英雄联盟手游#【职业联赛常规赛第一阶段W3D3】第一局决胜团，FPX势不可挡打出1换5，带着中路兵线推掉JDG水晶，以1：0率先拿下本局比赛胜利。#WRL2##FPX对阵JDG# 英雄联盟手游辰熙的微博视频 
王者不能没有我,0,0,2,#英雄联盟# FAKER重回巅峰，jdg不敌t1无缘决赛  #jdg# 王者不能没有我的微博视频 
虎扑电竞,1,14,71,【S12淘汰赛战队和英雄数据：T1大龙控制率百分百】@英雄联盟赛事数据 发布淘汰赛战队和英雄数据：最高一血率：RGE &amp; RNG &amp; DRX最高峡谷先锋控制率：JDG最高小龙控制率：RGE最高一塔率：DK最高纳什男爵控制率：T1最高血腥程度：T1最高Ban率英雄：悠米 &amp; 凯特琳最高Pick率英雄：佛耶戈 ...全文
没人不爱吃甜西瓜,50,50,50,#FPX对阵JDG#这局结局那家会赢呢拭目以待 
i手游叔,0,0,1,【英雄联盟手游职业联赛 #WRL2#常规赛第一阶段W3D3】 大龙团战：吉格斯输出拉满拿到二连破，FPX 团战打出1换5。#超话创作官##FPX对阵JDG# i手游叔的微博视频 
王者不能没有我,0,0,0,#英雄联盟# 虽然JDG输了，但是他们给 #s12全球总决赛# 王者不能没有我的微博视频 
王者不能没有我,0,0,0,#英雄联盟# 虽然JDG输了，但是他们给 #s12全球总决赛# 王者不能没有我的微博视频 
无言游戏,0,0,0,今日第二场，第一局赛果FPX 1:0 JDG#WRL2##FPX对阵JDG# 
小唐快醒醒,0,0,7,JDG 终于到啦～太可爱了 
电竞赛事猪,0,0,0,英雄联盟手游赛事#WRL2#第二届英雄联盟手游职业联赛 常规赛第一阶段W3D3 #FPX对阵JDG#赛前垃圾话JDG:之前输的会在这次都赢回来。FPX:希望你们这次比上次撑的更久一点。 电竞赛事猪的微博视频 
i手游叔,0,0,1,【英雄联盟手游职业联赛#WRL2# 常规赛第一阶段W3D3】 #FPX对阵JDG#大乱斗选边JDG 获胜，获得优先选边权，JDG选择蓝色方。#英雄联盟手游# 
祁清和v·,1,101,119,#为LPL出征S12助威##酷睿i9，为超神而生#从S2到S12，LPL征战十年，经历过挣扎  磨难，低谷。到如今英雄重新出征，战歌再响S12战火重燃！！！让我们一起为LPL助威！加油JDG我相信，最终的冠军🏆一定会是属于你们的！最后祝中国队一切顺利！盼凯旋而归。  @英特尔中国 
ZN_幽魂,0,0,0,JDG这把最后这手风女感觉会裂开啊FPX中上野前中期强度很高啊JDG和FPX阵容三七开吧#WRL2# #FPX对阵JDG# 欢迎大家加群吹水英雄联盟手游吹水群 
青藏高原亚拉索哎,50,50,50,#FPX对阵JDG#这波必须得站京东呐 
游戏主播酱,0,0,0,【2022WRL2 FPX对阵JDG】第一局BP：#WRL2# #FPX对阵JDG# 
电竞安利姬,0,0,0,LOL手游联赛WRL 2 ：常规赛第一阶段比赛 ：FPX对阵JDG，第一局BP：#WRL2# #FPX对阵JDG# 
王沫沫Cute,0,0,1,【FPXvsJDG】第一场    BP#WRL2# #FPX对阵JDG# #竞燃有我# 
小声点我真的布隆,50,50,50,#FPX对阵JDG#第一场谁会赢呢，真的很期待，两队实力都不错 
烬然如此,50,50,50,#FPX对阵JDG#这怎么选，乖乖看比赛吧 
王沫沫Cute,0,0,1,【FPXvsJDG】大乱斗@JDG英雄联盟手游 拿下优先选边权#WRL2# #FPX对阵JDG# #竞燃有我# 王沫沫Cute的微博视频 
盖伦爱转圈圈,0,0,0,#FPX对阵JDG#看来是JDG先开始选英雄啥的了 
一劫要比六劫强,50,50,50,#FPX对阵JDG#虽然但是，看完美女姐姐表演还是有点意犹未尽呐！ 
打篮球的诺手,51,50,50,#FPX对阵JDG#啥都别说了，心里一点底没有，慢慢看比赛吧 
不买装备买英雄,51,51,51,#FPX对阵JDG#这次两支队伍有点难以选择啊，我还都挺看好的 
云游戏,0,0,10,#陈卓璇wrl舞台首秀#近两个小时的等待也算值得一起跟着陈卓璇为选手加油话说今天的造型很可#fpx对阵jdg# 
熬夜波比千千万,50,50,50,#FPX对阵JDG#既然你们都支持JDG，那我选择支持FPX不要让我失望握 
快乐风男亚索小子,50,50,50,#FPX对阵JDG#等了好久！！！九点才开始还好明天周末不会有人周六还上班吧 
不要抢河蟹,50,50,50,#FPX对阵JDG#JDG我来了！！！这次必须支持JDG啊 
娜美事了吧,50,51,51,#FPX对阵JDG#看样子，JDG优势大一点，我坐山观虎斗 
剑圣爱走秀,50,50,51,#FPX对阵JDG#这不这次我站一下京东感觉挺猛的 
英雄联盟手游赛事,2114,2344,6993,#陈卓璇WRL舞台首秀#特邀歌手@陈卓璇 为JDG、FPX两支战队加油助威！期待各位选手赛出风格，为观众们带来一场视觉盛宴！同时，她将在#WRL2#全新演绎《破晓来时》，今晚19:00，让我们一同期待！英雄联盟手游赛事 英雄联盟手游赛事的微博视频 
Golarship7,0,11,52,JDG仿佛是来游戏厅抓逃课学生的教导主任 
东亚大椰壳,0,3,4,🙉🙉🙉现在想想好签不会是指望jdg能赢t1罢 
九澜游戏,0,2,1,英雄联盟手游 第二届英雄联盟手游职业联赛，遇强则强！ #WBG对阵EDG#WBG英雄联盟手游分部 vs EDG英雄联盟手游分部 进击！这一分，一定拿下！#FPX对阵JDG#FPX英雄联盟手游分部 vs JDG英雄联盟手游今日不争冠亚，只分高下！#WRL2#精彩对决，一触即发！ 
九澜游戏,0,2,1,英雄联盟手游 第二届英雄联盟手游职业联赛 常规赛第一阶段W3D3#WRL2# 11月4日 今日解说主持组合  #WBG对阵EDG#官方赛事解说：解说勇浩 、解说周吞马 官方主持：戚蓝尹 #FPX对阵JDG#官方赛事解说：解说Cat 、奶弟NaiDi 官方主持：小悠珊珊 今日锁定WRL2一起观看精彩比赛吧 
九澜游戏,0,2,1,英雄联盟手游 第二届英雄联盟手游职业联赛 常规赛第一阶段W3D311月4日 今日赛程&amp;首发名单17:00 WBG vs EDG#WBG对阵EDG#19:30 FPX vs JDG #FPX对阵JDG#是WBG英雄联盟手游分部 状态回升，还是EDG英雄联盟手游分部 能够乘胜追击，谁能拿下这一分？WRL1总决赛再上演，FPX英雄联盟手 ...全文
九澜游戏,0,2,1,英雄联盟手游 第二届英雄联盟手游职业联赛 常规赛第一阶段W3D311月4日 今日赛程&amp;首发名单17:00 WBG vs EDG#WBG对阵EDG#19:30 FPX vs JDG #FPX对阵JDG#是WBG英雄联盟手游分部 状态回升，还是EDG英雄联盟手游分部 能够乘胜追击，谁能拿下这一分？WRL1总决赛再上演，FPX英雄联盟手 ...全文
黎业Lilye,0,0,3,JDG时间过得太慢了 
奥恩不打铁,50,50,50,#FPX对阵JDG#狠狠站位jdg 
峡谷滑板鞋,50,50,50,#FPX对阵JDG#大家觉得哪个战队胜算高呢 
酒桶要减肥,51,51,51,#FPX对阵JDG#大家更期待那个队伍获胜呢 站位jdg 
云电竞,50,50,50,#FPX对阵JDG#大家更期待那个队伍获胜呢 
礼哥,50,50,51,#FPX对阵JDG#快给喜欢的战队加油吧 
星圈菜菜,0,0,0,#WBG对阵EDG#今天牛啊，开场wbg edg，中场陈姐表演，最后fpx jdg，然后明天周末 
极粉永不加班,0,0,0,#英雄联盟#  #手游职业联赛#JDG.Lemon武器大师，细节拉扯皇城PK秀翻全场 极粉永不加班的微博视频 
老攻没钱在外做0,0,0,0,#陈卓璇WRL舞台首秀#Fpx和jdg的比赛估计要等到八点了，我璇姐的舞台也差不多了，edg和WBG还在焦灼 
三连游戏君,3,6,44,RNG、EDG、TES、JDG，从#英雄联盟S12#回来的四支队伍进入静默期 
54喷塔QAQ,0,0,0,英雄联盟手游 @英雄联盟手游 @英雄联盟手游赛事 #wrl2# 正式开打~【每日赛程】11月04日星期五   BO5   17:00      WBG对阵EDG   19:30      FPX对阵JDG#竞燃有我##英雄联盟手游# 
英雄联盟赛事数据,5,1,18,【2022全球总决赛淘汰赛 战队&amp;英雄最数据】最高一血率：RGE &amp; RNG &amp; DRX最高峡谷先锋控制率：JDG最高小龙控制率：RGE最高一塔率：DK最高纳什男爵控制率：T1最高血腥程度：T1最高Ban率英雄：悠米 &amp; 凯特琳最高Pick率英雄：佛耶戈最高胜率英雄：千珏 &amp; 永恩#S12淘汰赛# #英雄联盟S12# 
大电竞eSportsFocus,8,7,34,【2022全球总决赛淘汰赛 战队&amp;英雄最数据】最高一血率：RGE &amp; RNG &amp; DRX最高峡谷先锋控制率：JDG最高小龙控制率：RGE最高一塔率：DK最高纳什男爵控制率：T1最高血腥程度：T1最高Ban率英雄：悠米 &amp; 凯特琳最高Pick率英雄：佛耶戈最高胜率英雄：千珏 &amp; 永恩#S12淘汰赛# #英雄联盟S12# ...全文
春茗宴,0,0,2,#陈卓璇WRL舞台首秀#我到要看看是谁不看比赛，不看就算了，还不看陈卓璇的舞台，Fpx和Jdg的比赛必须看。 
娱圈小丸子,100,0,103,#陈卓璇WRL舞台首秀# #WBG对阵EDG#坐等中场秀陈卓给我们带来的破晓来时，JDG跟FPX可得好好表现了 ，真的好期待！ 
你我皆为笼中雀,0,0,0,#陈卓璇WRL舞台首秀#讲个道理，其实我不是为了Jdg或者Fpx来的，我就是为了陈卓璇来的。 
祝福我可爱的小姑娘,0,0,0,"#陈卓璇WRL舞台首秀# 和陈卓璇一起一起来为JDG,FPX两支战队加油助威吧！今晚《破晓来时》的舞台期待相见 "
现在有点乱呢,0,0,0,"#陈卓璇WRL舞台首秀# 一起来围观今晚的WRL吧，和陈卓璇一起一起来为JDG,FPX两支战队加油吧，期待今天晚上的表演哦。 "
豹子头喵哥,0,0,0,分享视频 豹子头喵哥的微博视频 
英雄联盟特长生资讯,0,14,2,今天，JDG官方发布选手日常，最新消息，结束世界赛之旅的京东选手已安全抵达国内 。报告!前方选手已安全抵达国内兄弟们一切行程平安顺利，请大家放心#英雄联盟##2022全球总决赛# 
小枫追剧,0,0,0,#陈卓璇WRL舞台首秀#陈卓璇为JDG、FPX两支战队加油助威！期待各位选手赛出风格，为观众们带来一场视觉盛宴！ 英雄联盟手游赛事的微博视频 
二叔吃香蕉吗,50,50,51,#WBG对阵EDG#开场wbg edg，中场陈姐表演，最后fpx jdg 
Akakazuu,0,0,13,这个队真的迷信。。。。姑妈：JDG vs T1 coming soon 经理：你要先说T1啊 
爱玩游戏的小屁孩h,0,0,1,#英雄联盟##LPL#Letme姿态联手焕烽复盘JDG不敌T1，TES、EDG和RNG谁更丢人？ 爱玩游戏的小屁孩h的微博视频 
兔玩游戏,0,13,31,【2022全球总决赛淘汰赛 战队&amp;英雄最数据】最高一血率：RGE &amp; RNG &amp; DRX最高峡谷先锋控制率：JDG最高小龙控制率：RGE最高一塔率：DK最高纳什男爵控制率：T1最高血腥程度：T1最高Ban率英雄：悠米 &amp; 凯特琳最高Pick率英雄：佛耶戈最高胜率英雄：千珏 &amp; 永恩©@英雄联盟赛事数据 #S12淘汰赛 ...全文
别打猫咪,50,55,72,期待JDG跟FPX的表现，更加期待@陈卓璇 #陈卓璇WRL舞台首秀# 别打猫咪的微博视频 
峡谷漂流日记,50,50,51,#陈卓璇WRL舞台首秀#这海报不够看，坐等中场秀陈卓给我们带来的破晓来时，JDG跟FPX可得好好表现了 
不要抢河蟹,50,51,52,#陈卓璇WRL舞台首秀# 特邀美女姐姐为JDG、FPX两支战队加油助威！今晚19:00，让我们一同期待！ 
雕花君,100,100,100,#陈卓璇WRL舞台首秀#歌手陈卓璇来啦！特意为JDG、FPX两支战队加油助威！在期待各位选手赛出风格的同时，也期待陈卓璇为观众们带来一场视觉盛宴！ 阿范超可爱的微博视频 
游戏组长,61,149,369,组长疑惑：来说说kanavi为什么这么执着回去？在京东他是绝对的战术核心，中上和他也很搭，薪水方面也绝对差不多了。想拿冠军回lck也不好拿啊？难道是是单纯的思念故乡？#英雄联盟# #JDG# 
幽默搞笑趣事,0,0,0,#陈卓璇WRL舞台首秀# 陈卓璇为JDG、FPX两支战队加油助威还要表演破晓来时，真的是太让我期待了！ 幽默搞笑趣事的微博视频 
S12电竞圈,0,0,0,#英雄联盟S12应援#JDG止步2022英雄联盟全球总决赛四强，加速出圈的电竞魅力何在？ 
云游戏,50,50,50,#陈卓璇WRL舞台首秀#今晚不仅有JDG跟与FPX的精彩对决，更有陈卓璇给我们带来的视听盛宴 云游戏的微博视频 
电竞赛事猪,0,0,0,英雄联盟手游第二届英雄联盟手游职业联赛。猪猪来预测，10预9不准。#WBG对阵EDG#WBG3-2EDG #FPX对阵JDG#JDG3-0FPX 
ZN_幽魂,0,8,2,WBG 3:1 EDG WBG一直很稳定，EDG有所回暖拿下一把算成功。FPX 1:3 JDGFPX之前状态还可以但JDG最近有点无敌。#WRL2# #WRL2预测# 欢迎大家加群吹水英雄联盟手游吹水群 
一个小被窝-I,0,35,8,JDG 来一波小小的决赛预测抽奖吧留下你的比分，会在猜对的京酱里面抽一个人付邮送kan堡纪念币一枚，猜比分只能参加一次哦另外会看主页，京人纪念币就是只抽京酱啦转会期流言纷纷扰扰，不论结局如何，都会永远支持每一位在京东吃饱饱饭的家人 ...全文
新京报电竞,0,0,2,【2022全球总决赛淘汰赛 战队&amp;英雄最数据】JDG的峡谷先锋控制率达到86%，DK的一塔率高达100%。成功进入决赛的T1保持着100%的纳什男爵控制率，也以0.97的血腥程度排名第一。在英雄方面，悠米和凯特琳以91.7%的Ban率稳居最高Ban率榜，最高Pick率是佛耶戈，千珏和永恩均保持着100%胜率。#S12淘汰赛 ...全文
超凡电竞LOL,1,10,19,【2022全球总决赛淘汰赛 战队&amp;英雄最数据】最高一血率：RGE &amp; RNG &amp; DRX最高峡谷先锋控制率：JDG最高小龙控制率：RGE最高一塔率：DK最高纳什男爵控制率：T1最高血腥程度：T1最高Ban率英雄：悠米 &amp; 凯特琳最高Pick率英雄：佛耶戈最高胜率英雄：千珏 &amp; 永恩cr.@英雄联盟赛事数据  ...全文
超凡电竞LOL,1,10,19,【2022全球总决赛淘汰赛 战队&amp;英雄最数据】最高一血率：RGE &amp; RNG &amp; DRX最高峡谷先锋控制率：JDG最高小龙控制率：RGE最高一塔率：DK最高纳什男爵控制率：T1最高血腥程度：T1最高Ban率英雄：悠米 &amp; 凯特琳最高Pick率英雄：佛耶戈最高胜率英雄：千珏 &amp; 永恩cr.@英雄联盟赛事数据  ...全文
王沫沫Cute,0,0,1,今日预测【按照以往战绩】WBG3-2EDGJDG3-2FPX#WRL2# #wrl2预测# #竞燃有我# 
瀦瀦ZHY,0,0,3,JDG 相信他们 也相信团队会做到最大努力每个人都有追逐梦想的权利 既然选择权在自己那就静静等待吧 也就1个多月 虽然我也想他们再拼搏一年 毕竟说没遗憾 那是骗人的2022年的JDG 希望不是限定吧 
我是电竞小生,0,0,7,英雄联盟距离S12决赛开启之日所剩无几，近日JDG中单Yagao等人也是前去参观拳头游戏总部，而JDG其他人员则已启程回国。殊不知国内关于中单位的争夺早已悄然上演！1、左手并没有急于续约，还在观望。2、小虎试水自由市场，很抢手。3、Angle已同WBG续约。4、Scout意愿倾向于留队。大家 ...全文
17173电竞,0,0,0,第二届英雄联盟手游职业联赛 常规赛第一阶段W3D311月4日 今日赛程&amp;首发名单17:00 WBG vs EDG#WBG对阵EDG#19:30 FPX vs JDG #FPX对阵JDG#17：00，锁定#WRL2# 一起观看精彩比赛吧#英雄联盟手游# 
英雄联盟手游赛事,0,2,3,第二届英雄联盟手游职业联赛，遇强则强！17:00 #WBG对阵EDG#@WBG英雄联盟手游分部 vs @EDG英雄联盟手游分部 进击！这一分，一定拿下！19:30 #FPX对阵JDG#@FPX英雄联盟手游分部 vs @JDG英雄联盟手游今日不争冠亚，只分高下！#WRL2#精彩对决，一触即发！#英雄联盟手游赛事[超话] ...全文
锦城LOL,0,3,5,前V5教练：Viper和Kanavi想回LCK，红米回家生二胎了viper去dk，dk直接成银河战舰了，然后Kanavi也想回LCK，对于EDG和JDG来说都是削弱啊，更别说红米还要回家生二胎，RNG面临解散，TES续约JKL，LPL的强队都倒了啊#英雄联盟S12##2022电竞季##英雄联盟# 
别说了我布隆,0,1,2,JDG 拍拍姐妹互关！！！！！！ 
射杀星削,0,0,1,打完夏决的时候我真的以为决赛会是jdg打geng 哎 
达不刘的馍,0,0,0,#为LPL出征S12助威##酷睿i9，为超神而生#  @英特尔中国 中国队的精彩表现，太棒了JDG加油！中国队加油！努力了就可以了！自己没有遗憾就好   你们是最棒的中国队！ 
游戏欧皇陈本伟,5,6,21,#英雄联盟s12# JDG已经安全落地啦把膏膏留在美国拜访拳头总部了是吧#英雄联盟# 
游戏发现君,0,0,0,#全球总决赛s12#JDG选手平安抵达国内，膏书记留在美国视察拳头工作 游戏发现君的微博视频 
游戏主播酱,34,34,42,S赛历史最大的魔咒，被打破了S赛历史上最大的魔咒，就是赛前赔率前三的队伍必出冠军但今年的S12全球总决赛，赛前赔率第一JDG，第二TES，第三GEN即使是在小组赛临近和开打的时候，T1和DRX的赔率也没有进入过前三目前三支队伍全部无缘决赛。#英雄联盟# #英雄联盟S12# 
顾璀_,0,10,32,#米勒娃娃预测S12决赛#娃娃对T1的恨意已经超过了对lpl的爱意。T1上半区没有遇到特别强的对手，为了诋毁T1，甚至一下子骂了RNG，JDG两个队伍什么伤敌八百自损十万 
英雄联盟神吐槽,43,121,738,【娃娃：T1在上半区没有遇到特别强的对手？】娃娃在最新一期的【热饭开锅】节目中和米勒探讨T1与DRX的决赛，在节目中谈到T1在上半区没有遇到特别强的对手，T1在上半区只打过RNG和JDG。网友评论：那意思是LPL赛区的队伍都是弱队吗？娃娃逻辑上就有错误，赛前公认的第一夺冠热门京东，你不能因 ...全文
JDG京东电子竞技俱乐部,56,233,3722,【选手日常】报告！前方选手已安全抵达国内兄弟们一切行程平安顺利，请大家放心#坚定你所相信#JDG 
我担银河系系花,0,4,24,#为LPL出征S12助威##酷睿i9，为超神而生#  @英特尔中国 伴随着JDG的出局对于LPL来说S12已经结束了，记得我最开始接触LPL的时候还是S5，很多熟悉的选手都已经退役。电子竞技是残酷的，所有选手都付出了青春和努力，但最后捧起奖杯的只有一个队伍。本次世界赛LPL的失利，让我们看到了很多问题，尤其是新 ...全文
i手游叔,0,0,3,【李景亮发布JDG对阵T1观赛视频：输或赢都不能定义你们】@拳天下李景亮 ：输或赢都不能定义你们！明天会更强大，一起加油！#英雄联盟S12##S12竞燃有我##2022全球总决赛# i手游叔的微博视频 
话说Another,0,0,0,英雄联盟 米勒怒斥：我们的选手都想躺赢！娃娃直言我们的队伍都靠韩援在C #JDG## 话说Another的微博视频 
丝路电竞,0,0,0,【2022WRL2 今日赛程预告】17:00 WBG vs EDG19:30 FPX vs JDG#WRL2# #英雄联盟手游# 
直播吧电竞,0,0,2,【李景亮发布JDG对阵T1观赛视频：输或赢都不能定义你们！】近日UFC选手，终极格斗英雄榜终极勇士冠军李景亮更新微博，分享自己观看S12半决赛JDG对阵T1比赛的现场视频@拳天下李景亮 ：输或赢都不能定义你们！明天会更强大，一起加油！#英雄联盟S12# #S12竞燃有我# 直播吧电竞的微博视频 
刘治宇非常皮,0,0,0,#为LPL出征S12助威##酷睿i9，为超神而生#  @英特尔中国 加油JDG！我相信你们的实力，也相信你们对于胜利的渴望，带着所有人的希望勇敢无畏的前行吧！ 
丝路电竞,1,0,4,#电竞早餐#11月04日早上好，一起来看今日电竞新闻！2022英雄联盟手游WRL2常规赛11月3日赛程： WBG vs EDG，FPX vs JDG。2022 PGC全球总决赛11月3日A组赛果：积分前五TWIS 110分、OP 87分、CES 83分、YAHO 74分、DNW 72分。2022全球总决赛决赛将于11月6日北京时间8点正式打响， ...全文
x帅哥2021,0,0,0,#为LPL出征S12助威##酷睿i9，为超神而生#  @英特尔中国 从s2—s12英雄联盟我追了好多年啊，看英特尔酷睿看英雄联盟S12的比赛，真的有身临其境的感觉，看得我热血沸腾。看到了LPL中国队不断超越自己挑战自己，简直是太棒了。JDG加油！中国队加油！为你们助威呐喊。 
电竞赛事大围观,0,0,1,#JDG##游戏#JDG被偷家，核心谈判失败，冠军战队或被拆解。 电竞赛事大围观的微博视频 
就是一根-棍子了,0,7,35,JDG我要闹了发疯发疯退什么退！直播欠到多少小时了不用还啊？几个月了摄像头都生锈了也没播过！回什么回！说好的女团舞呐不用还啊？比赛打完了粉丝只能到处搁别人那里边边角角的找消息，一天天的，欠这么多东西，逆子 
虎扑电竞,0,3,21,[情报站]Oner：我们会3比0战胜DRX，决赛的关键是下路T1选手及教练参加2022英雄联盟全球总决赛决赛媒体日，部分内容翻译如下：Q：Oner选手，半决赛你预测T1会3比1战胜JDG，比赛的关键是上野，你都预测对了，那你能预测一下决赛的比分和关键点吗？Oner：我们会3比0战胜DRX，决赛的关键是下路。 ...全文
小甜睡不醒u,0,0,2,#米勒娃娃预测S12决赛#加油啊T1，别人不想你赢是别人的自由，当然解说几个本来就是s13，别给他们洗什么怕喷了。这只是一方面，最主要是为什么韩国解说敢预测edg赢？预测jdg赢？韩国解说不怕喷？大家喜欢骂，为什么要求我放过解说？菜不让说？ 
面条人Jawco,0,13,11,#米勒娃娃预测S12决赛#T1《上半区不强》《我预测RNG 3：0 T1》《我预测JDG 3：1 T1》说实话，米勒明显都被打服了，京东的比赛前能看出他明显不乐观，就娃娃这个逼还在嘴硬，有没有一种可能上半区看起来菜是因为都被T1打爆了不想奶，只是娃娃属实太恶心了 
来包华子中不中,0,0,0,小尾巴从jdg变成s12我这个b有点想流泪了 
虎扑电竞,0,31,49,"【2022NEST即将开赛：14支LPL战队参加线上预选赛，前八晋级】N﻿EST官方宣布2022NEST英雄联盟线上预选赛正式开赛，包括AL, BLG, EDG, FPX, iG, JDG, LGD, LNG, OMG, RNG, TES, TT, UP和WE共14支LPL战队出战。原文如下：英雄出，擂鼓声声，赛场现真章竞高下，战火熊熊，桂冠重几何11月10日-11 ...全文"
英雄联盟菌,46,226,1249,【前V5教练爆料：去年JDG为Knight开出了4500万的税后工资】今日前V5教练涵艺在微博更新动态，透露了Knight选手的身价及转会信息，其表示去年JDG甚至为其开出了4500万的税后工资。那么税前大概就是8000万左右？#S12最前线##Knight# 
卟吃鱼的猫0,0,0,0,"fakerB站看到一个官方某解说预测，说的是T1在的上半区比较弱，认为DRX决赛3-2赢T1真的是为了打压T1,连LPL友军都不放过，JDG、RNG不是世界赛开打前，你们认为LPL最契合版本的最强两只队伍吗？现在又成上半区弱了，只要T1还没拿下冠军，他们都认为T1和李哥不行，所以别去同情戴先生了，不夺冠， ...全文"
疾风怪宝,2,57,184,放点转会期四个进世界赛队伍的瓜，内部有可靠线人，应该对的七七八八 #Wink状态# JDG：369要么续约要么不续约卡哪位要么续约要么不续约Yagao要么续约要么不续约Hope要么续约要么不续约Missing要么续约要么不续约TES：Wayward要么续约要么不续约Tian要么续约要么不续约Knight要么续约要么不续 ...全文
电竞赛事大围观,0,1,0,#JDG##英雄联盟#JDG止步4强，Faker缔造传奇记录，选手采访不甩锅牙膏点评faker，红米分析S12LPL惨败LCK原因承认差距！ 电竞赛事大围观的微博视频 
电竞主页君,0,1,4,LOL圈内经纪人透露：去年JDG给左手的薪资高达4500万，LNG和light还在拉扯最近虽然冬季转会期尚未正式开始，但相关的一些消息已经是不胫而走了，最近圈内的一位经纪人就透露了关于左手以及LNG俱乐部的一些事情，他表示去年左手自由人的时候，JDG曾一度开出4500的高薪（Shui后的），不知道现在看到自己 ...全文
JDG_Lemon,1,10,16,晚上和若凌的刺客大战太有意思啦，@JDG英雄联盟手游 以后多整点这样的活动好吗直播间中奖的朋友记得给我私信收件信息JDG英雄联盟手游#坚定你所相信##wrl2# 上海·京东电子竞技俱乐部 
超凡电竞LOL,1,16,53,【JDG分享选手回国返图】JDG：报告！前方选手已安全抵达国内，兄弟们一切行程平安顺利，请大家放心#英雄联盟S12# #S12最前线# #2022全球总决赛# 
2022好事花生,0,0,1,#为LPL出征S12助威##酷睿i9，为超神而生#  @英特尔中国 用酷睿芯看S12！JDG的给人的感觉就是只要他们在，就一定可以战胜困难，一定可以打败对手，他们的合作，是我见过最有默契的战队了，用智慧和信任成为了王者，期待他们可以展现更加出色的团队风采，也要夸奖我们酷睿，画质非常清楚，不卡顿，也不 ...全文
彩凤她爹,0,0,0,"#为LPL出征S12助威##酷睿i9，为超神而生#  @英特尔中国 #为LPL出征S12助威##酷睿i9，为超神而生#  @英特尔中国 从S2到S12,LPL征战十二年，不忘初心，始终保持不断前行，高水平赛事中全力以赴，配合默契。十几年的每一场比赛，他们都无所畏惧，力争巅峰。加油JDG！我相信你们的实力，也相信你们对于胜 ...全文"
张译真_在画画,0,0,3,JDG 阿？去年的豪门竟是勾底机自己？ 
九澜游戏,0,3,6,英雄联盟手游 第二届英雄联盟手游职业联赛 常规赛第一阶段W3D211月3日 今日赛果&amp;积分榜RA 0:3 NVJT 2:3 OC恭喜NOVA英雄联盟手游分部OC英雄联盟手游分部 拿下今日比赛胜利！明日下午17点我们将迎来WBG对阵EDG，FPX对阵JDG，更有特邀歌手陈卓璇带来精彩的#WRL2#中场秀表演。请大家定好闹钟一 ...全文
琴女你怎么骂人啊,4,23,78,Kanavi可能要离开JDG？#s12竞燃有我#英雄联盟 
暴龙电竞,4,103,514,【@丶涵艺 爆料LPL转会消息】朱开回EDG TheShy续约 SofM离队 FPX大换血Tes: AD续约 其他不知情V5：大概保留班底 补强上野位RNG：射野大概留不住 教练回EDG了EDG：JDG：WBG：单人线续约 换打野 补AD 辅助不知道 LNG：没太了解 AD留不住 辅助俩都到期 上路想续约还没聊  ...全文
苏意_Irene,0,0,0,JDG 不小心错过了领奖时间……@JDG京东电子竞技俱乐部 能再给我个机会吗呜呜呜呜 
LOL英雄联盟视频,13,32,190,T1与DRX的中单：谁被低估？谁被高估？在NBA有非常著名的一句话：“进攻赢得常规赛，防守赢得总冠军”这句话放置在英雄联盟同样适用。只会进攻的JDG小组赛依靠进攻高歌猛进，半决赛防守漏洞百出被淘汰。总决赛前瞻第二篇我将聚焦于S赛决赛T1与DRX中路的攻防，看看这两位中单到底谁被低估了，谁 ...全文
玩加电竞LOL,0,16,85,【JDG发布选手日常：选手已安全抵达国内】@JDG京东电子竞技俱乐部 ：报告！前方选手已安全抵达国内兄弟们一切行程平安顺利，请大家放心#英雄联盟S12# #2022全球总决赛# 
琴女你怎么骂人啊,2,42,184,DRX Zeka的采访：Faker 是世界赛瑞兹玩得最好的中路。他在对上 JDG 时证明了这点。Q：你们一路打进了总决赛。你有预想过会击败你们今年从未战胜过的 Gen.G 吗？Zeka：自从区域资格赛起，我经历了许多令人沮丧的胜利。形势总是对我们不利，所以我总是相信只要不紧张的话，我们就能战胜任何队伍。Q ...全文
又见李相赫-,0,0,1,faker 很理解大家的紧张又期待的心情，也感同身受大家对李相赫的爱，但有些容易带节奏的帖子在这个关键时刻还是别发了 娃娃说jdg和rng好像是被人带节奏了，然后发到虎扑，这个节骨眼正是大家很躁动的时候，处于易燃易爆炸的状态，可能会被利用然后挑起节奏 ...全文
Dawn_lwk,0,8,25,fakerwawa这是急了吗？哈哈哈哈，真就是当自爆卡车啊，这不就是骂rng和jdg都是菜比吗？这不得被冲烂啊，哈哈哈哈哈 
电竞疯报,25,28,116,JDG已抵达国内，你有什么想说的吗？#JDG# #S12总决赛# #超话创作官# 
LOL动图菌,26,69,240,LPL爆料人称去年JDG给knight开出4500万天价税后工资！如果Knight今年在JDG，JDG的成绩会有现在好吗？#英雄联盟# #英雄联盟S12# 
听阿忍讲故事,0,1,20,#为LPL出征S12助威##酷睿i9，为超神而生#  @英特尔中国 从S2到S12，LPL征战11年，也是我追随的第四年。每次看比赛都好激动一直等着那句“我们是冠军，我们总是冠军”。JDG加油，中国队加油，LPL未来可期！一定要拿过去啊，加油！ 
英雄联盟玩家日记,100,17,110,T1在淘汰赛的状态相当火热，对阵RNG、JDG时三线的个人实力有目共睹，除了JDG上单369能压制Zeus以外，T1不论在对线期的处理，还是中后期的运营决策都技高一筹，令粉丝们连连欢呼：S5、S6的那支SKT回来了~DRX虽然也开辟出一条“超级黑马”之路，从入围赛过关斩将晋级决赛，但只有中单Zeka具备稳定的压制 ...全文
好运等你来啊,0,0,5,#为LPL出征S12助威##酷睿i9，为超神而生#  @英特尔中国 从S2到S12追随了五年，每年的比赛都有不同的精彩，每年都有同样的热血沸腾！今年S12到现在虽然我们只剩一支队伍，但还是要为LPL中国队加油，为JDG加油，突破自我，不断超越，相信你们可以创造新的辉煌！ 
虎扑电竞,0,12,67,【JDG官博：前方选手已安全抵达国内，兄弟们一切行程平安顺利】 J﻿DG官博发布选手日常，以下是微博原文：【选手日常】报告！前方选手已安全抵达国内兄弟们一切行程平安顺利，请大家放心#2022全球总决赛##s12总决赛# 
电竞姬,65,63,100,不断进化，Gumayusi和Keria能否被称为世界赛最强下路？从一开始的MSI基本被每一个赛区的下路都被单杀一次或者说炸线。到现在世界赛越发强大，淘汰赛更是轻松拿下RNG和JDG。总决赛面对着老将deft和beryl感觉会是很精彩的对决，而且纸面实力上来说好像是t1的下路要强一点。#英雄联盟# #英雄联盟S12# 
中天電視亞洲台FUN,0,0,1,【《时来运转》运彩报报－LOL世界大赛决赛推荐】《英雄联盟》世界大赛4强淘汰赛于本周一（10/31）结束，晋级决赛的队伍是同样来自韩国赛区（LCK）的T1战队、巨龙X（DRX）。其中，T1在4强赛淘汰LPL第1种子的京东电竞（JDG）后，确定了本届决赛将会是韩国内战，同时LCK也从LPL手中夺回“最强赛区”的称号 ...全文
电竞赛事大围观,0,0,1,#英雄联盟s12##游戏推荐#圈内众人为LPL应援集锦，余霜在NBA现场为JDG加油牌面十足，Scout采访力挺JDG夺冠。 电竞赛事大围观的微博视频 
英雄联盟小灰,34,81,377,红米说过JDG里有人不是很想赢而有人想争冠军！#英雄联盟# #英雄联盟S12# 
折枝辞,0,1,4,JDG想问问这个便利贴哪里能买到啊京酱补给站翻了一圈也没看着有，东子能不能卖一卖卖一卖，怎么什么周边都不卖啊 
电竞赛事大围观,0,0,1,#LOL##LPL#韦神分析jdg失利原因，LPL选手英雄池真的没以前好了么？ 电竞赛事大围观的微博视频 
兔玩电竞,0,2,0,【#WRL2#11月4日星期五常规赛赛程预告】17:00 WBG VS EDG19:30 FPX VS JDG定好闹钟，一起来看比赛吧！#英雄联盟手游# 
测试5337893,0,2,0,把t1打jdg的半决看了 这统治力绝了英文流解说也是真的燃 
我还知道玩,0,0,0,#英雄联盟##LPL#真实锐评LPL赛区老年化：是否需要为这次世界赛买单？ 我还知道玩的微博视频 
电竞发言人bot,77,111,752,【S12门票降到1块钱？幸好决赛还有T1拉一把】JDG战队淘汰后，意味着LPL无缘决赛，所有队伍都早早止步，一号种子JDG也倒在了四强。s12决赛打成了LCK秋季赛，让LPL观众颇感无奈。但不可否认的是，LCK战队的确打得很好。T1先是在小组赛跟EDG拉扯，再在八强比赛中击败RNG，在四强赛中击败JDG。DRX这边 ...全文
两年的邱小姐,0,0,1,在今日的最后一场比赛中开云体育，7 分钟，JDG 猪妹出门后游走配合下路组击杀烈娜塔； 
英雄联盟药酱,0,0,1,【RGE vs JDG 第二局队内语音，JDG众人轻松拿下赛点】JDG队内语音 #2022全球总决赛# #LPL# #全民观赛季# #JDG晋级半决赛# #S12淘汰赛# 英雄联盟药酱的微博视频 
白keAi,0,0,0,"#为LPL出征S12助威##酷睿i9，为超神而生#  @英特尔中国 从S8赛季开始。我有一直追随LPL给了我很多不同的快乐和感受，每次赛季直播。我都会在线下激动呐喊。 LPL中,做为中国队，去年EDG，真的让我震撼了，基本上全网上下都知道EDG很牛，但是遗憾的是，他已经淘汰了。但是，我依然追随LPL，看好JDG！  ...全文"
三昧弦,0,6,16,JDG选手平安抵达国内 
Cutain落,0,4,9,#为LPL出征S12助威##酷睿i9，为超神而生#  @英特尔中国 为LPL出征S12助威，半决赛马上要来了每一次看回放都心潮澎湃，12 战火重燃，让我们跟英特尔中国和酷睿i9一起为中国队加油！为JDG加油！英雄联盟是我们难忘的青春，愿你们能轻松拿下每一局，冠军的奖杯是属于中国队的 加油！ 
我是电竞小生,0,0,1,英雄联盟#英雄联盟S12# 【JDG官方晒出选手返回机场照】选手们已安全抵达国内，随后还需完成防疫隔离要求才能重返基地！#S12竞燃有我# 
偷月亮的乌云,0,0,0,#为LPL出征S12助威##酷睿i9，为超神而生#  @英特尔中国 JDG加油！中国队加油！LPL征战11年， 每次比赛都带给我们很多精彩，这次出征S12我相信你们还能为中国带来更多的精彩和荣耀，我要为你们欢呼！中国队，你们是最棒的！ 
靠谱电竞,0,7,45,JDG官博分享返图“报告！前方选手已安全抵达国内兄弟们一切行程平安顺利，请大家放心”#英雄联盟S12##英雄联盟# 
少根筋小姐啊,0,1,0,#为LPL出征S12助威##酷睿i9，为超神而生#  @英特尔中国 让我们一起为四支队伍加油呐喊，期待可以为 LPL捧回第四座冠军奖杯，相信LPL就是ONE&amp;ONLY唯一的天选！一号种子JDG二号种子 TES三号种子 EDG四号种子 RNG加油加油！！！！ 
艾卡西亚的季风,0,0,1,EDG首局大比分击败JDG， 29-9，这还是冲了两波泉水送了大概四五个头的情况，这就是S赛冠军的实力吗？#英雄联盟##LOL# 艾卡西亚的季风的微博视频 
7_Pao,0,0,0,水手比工资→JDG有钱→保人→拒绝限定22京！（希望是这样的🙏） 
Jeremy-1999,0,0,1,#为LPL出征S12助威##酷睿i9，为超神而生#  @英特尔中国 从s2到s12，LPl十一年过去了，我是大二才喜欢上的，每年的总决赛也都看，JDG成立于2017年，也是一支很强的劲队，我希望这支队伍能走的更远，此志无双，世界赛见 
没礼貌的K,0,1,16,T1上一个预测3:1JDG好像对了，再预测一下决赛T13:0DRX吧，半决赛T1玩下路强势加双单带把JDG耍的团团转，决赛应该也差不多，DRX好像明白这版本单带的重要性但是他们的上单不堪大任玩不了单带 
热衷于哪个,0,15,17,faker 百分之90夺冠了，声明下这是我个人回顾了t1今年世界赛对局得出来的结论，与t1无关。看了下从小组赛到半决赛除了输给fnc那一局和八强打rng的第二局外，剩下的比赛都是T1牢牢掌握的主动权，推动游戏节奏，对方在被动防守牵扯，然后被拉扯运营结束比赛。这点尤其是在半决赛打jdg突出最为明 ...全文
游戏鲸,0,1,0,JDG：选手已安全抵达国内 
热衷于哪个,0,15,17,faker 百分之90夺冠了，声明下这是我个人回顾了t1今年世界赛对局得出来的结论，与t1无关。看了下从小组赛到半决赛除了输给fnc那一局和八强打rng的第二局外，剩下的比赛都是T1牢牢掌握的主动权，推动游戏节奏，对方在被动防守牵扯，然后被拉扯运营结束比赛。这点尤其是在半决赛打jdg突出最为明 ...全文
游戏鲸,0,1,0,JDG：选手已安全抵达国内 
吃瓜的空白,0,0,0,@丶涵艺 爆料：去年JDG给左手报价4500w，并且是交完税以后的！#2022LOL冬季转会期##英雄联盟##S12竞燃有我# 
i手游叔,0,0,2,【JDG选手返图：已安全回到国内！】#英雄联盟S12##s12竞燃有我# 
LOL英雄联盟视频,0,1,4,JDG S12返图：时间会铭刻你们的汗水，勇气永不凋落！ 
Julyiscccc,0,0,53,#为LPL出征S12助威##酷睿i9，为超神而生#  @英特尔中国 用酷睿游戏本看s12真的棒，赛事也是非常精彩，虽然JDG止步四强，也是虽败犹荣了。 
咬上you的指尖,0,0,0,我趣 我小尾巴怎么变成jdg的了 
JDG京东电子竞技俱乐部,81,189,2247,【赛场集锦】「S12世界赛赛场返图Part 1」📷时间会铭刻你们的汗水，勇气永不凋落！#坚定你所相信#JDG 
蛋糕不吃我打包,0,2,1,纯子jdg那么强你就去吧🙏🙏 
八吃瓜娱乐,0,1,1,众人评估369名场面合集，红米:盼望他能成为世一上 牙膏:已经是了 369 JDG 红米教练 宁王#微博vc计划##亿点曝光计划# 八吃瓜娱乐的微博视频 
电竞姬,65,63,100,不断进化，Gumayusi和Keria能否被称为世界赛最强下路？从一开始的MSI基本被每一个赛区的下路都被单杀一次或者说炸线。到现在世界赛越发强大，淘汰赛更是轻松拿下RNG和JDG。总决赛面对着老将deft和beryl感觉会是很精彩的对决，而且纸面实力上来说好像是t1的下路要强一点。#英雄联盟# #英雄联盟S12# 
锦城LOL,0,1,7,转会期新瓜：JDG给左手4500W税后工资是真的这个爆料人是刘青松经纪人，名下公司也签约了很多LPL选手，之前77号爆料左手有4500万工资引发质疑，比Faker都高了，这个经纪人表示是真的。#英雄联盟S12##2022电竞季##英雄联盟# 
Esports澜,0,0,2,英雄联盟#英雄联盟s12#  JDG老板在不久前突然久违的发表了个动态：五味杂陈，不是个滋味。这个时间距离JDG被淘汰已经过去好几天了，伤心是不可能有延迟的，那自然就意味着另一件大事转会期了。看到这条动态后，有网友希望老板可以发动“钞能力”，让JDG今年的上中野再一起打一年。结果没想 ...全文
Z·Moses,0,1,0,#iG夺冠四周年# 淀粉心路历程：小组赛支持edg ，小组赛完事被淘汰，八进四支持JDG ，京东倒下之后 我支持deft ，毕竟老淀粉了。希望今年戴先生能拿个冠军 然后退役 
Russelhz,0,0,0,#为LPL出征S12助威##酷睿i9，为超神而生#  @英特尔中国 八年的老玩家了，依旧记得18年ig夺冠的激动，大学整个男生宿舍都在喊牛逼。现在上班了，工作很忙，但还是会一直看比赛。jdg一路走来真的不容易，希望这次能够突破自己，加油！！！ 
有人迷途知返呢,0,19,18,有无红米去留消息JDG 
爱玩游戏的小屁孩h,0,0,1,#英雄联盟##LPL#如果Kanavi真的离队，JDG又将怎么安排打野位置呢？ 爱玩游戏的小屁孩h的微博视频 
华庭鹤唳成远梦,0,0,0,#JDG晒S12世界赛赛场集锦#无聊路过，竟然看完了赞一个 
王沫沫Cute,0,0,4,【WRL2常规赛】JDG赛后采访FEIBAI:就是我们BP的时候被Ban太多中单英雄了#JDG手游五连胜# #JDG击败TT# #竞燃有我# 王沫沫Cute的微博视频 
电竞赛事猪,0,0,1,英雄联盟手游赛事#WRL2#【精彩团战】第二届英雄联盟手游职业联赛#TT对阵JDG# 16分钟，海洋亚龙处爆发团战，卡兹克势如破竹拿下二连破，@JDG英雄联盟手游 团战打出1换4。 电竞赛事猪的微博视频 
i手游叔,0,0,1,【英雄联盟手游职业联赛 常规赛第一阶段W3D1】#JDG击败TT# 第三局赛后数据面板TT 0:3 JDG本局MVP：@JDG_飞白 亚索恭喜JDG 拿下本场比赛的胜利。#JDG手游五连胜##WRL2# 
召唤师Park,28,53,219,转会期开启前，赛高的一句“S12参赛选手确定离开老东家”激起了大伙的好奇心，回顾过去几波转会期，Score线人全部在LPL赛区。有趣的是，RNG小虎、EDG小学弟Scout、JDG牙膏、TES黄金左手都基本符合“老将”的设定，来综合分析一下四位选手。JDG是本届世界赛成绩最好的LPL战队，且369和下路Hope已经与J ...全文
游戏主播酱,0,0,0,【2022WRL2 JDG 3-0 TT】恭喜JDG击败TT！#JDG手游五连胜##JDG击败TT# 
电竞安利姬,0,0,0,LOL手游联赛WRL 2 ：常规赛第一阶段比赛 ：JDG 3-0 TT，恭喜JDG直落三盘战胜TT！#JDG手游五连胜##JDG击败TT# 
电竞游戏日常,0,0,1,LOL手游联赛WRL 2 ：JDG 3-0 TT，恭喜JDG横扫TT，取得比赛胜利！#JDG手游五连胜##JDG击败TT# 
王沫沫Cute,0,0,1,【TTvsJDG】赛场之星    JDG_FEIBAI#JDG手游五连胜# #JDG击败TT# #竞燃有我# 
爱玩游戏的小屁孩h,0,0,1,#英雄联盟##LPL#想一早上了！假如焕峰换hope，jdg下路不送，结果如何？ 爱玩游戏的小屁孩h的微博视频 
电竞赛事大围观,0,1,0,#游戏##LPL#JDG阵容太笨重，被T1运营拉扯的头皮发麻！下路状态也不是很好！ 电竞赛事大围观的微博视频 
請你看日出7998,0,0,0,#为LPL出征S12助威##酷睿i9，为超神而生#  @英特尔中国 已经好久没玩游戏了，但是每一次的比赛都会去看，只有看LPL比赛时才会有那种令人紧张兴奋的感觉，让我们跟因特尔中国和酷睿i9一起为中国队JDG加油，勇往直前，超越自我，拿下冠军！ 
游戏电竞君,148,141,893,今天是JDG战队打野选手 JDG_Kanavi 的生日，祝生日快乐！#英雄联盟S12# #2022全球总决赛# 
295_953_547_35_258,0,0,0,#为LPL出征S12助威##酷睿i9，为超神而生#  @英特尔中国 rng成为lpl最后一个种子为国出征，今年lpl相当精彩了，队伍之间三次双杀，15场Bo5只有两场零封，真的是把把拉满，出线的四支队伍jdg tes edg rng和当初预测的一样代表着lpl最强战力，希望今年可以继续把冠军留在lpl，留在中国，此志无双！ ...全文
疾风怪宝,38,1140,5872,【全员被淘汰后，哪支LPL队伍复活营销最快？】  TES：淘汰16天，共发3条微博  RNG：淘汰10天，共发0条微博  EDG：淘汰8天，共发10条微博（其中三条为选手庆生 ）  JDG：淘汰2天，共发0条微博  #英雄联盟##S12竞燃有我#  
PentaQ刺猬电竞社,2,33,208,EDG、RNG、JDG成员参观Riot总部～#英雄联盟s12##2022全球总决赛# 
电竞杂烩君_,0,0,0,发布了头条文章：《JDG不敌SKT无缘总决赛，Letme赛后锐评让UZI来玩女警说不定能行》  JDG不敌SKT无缘总决赛，Letme赛后锐评让UZI来玩女警说不定能行 
电竞赛事大围观,0,0,0,#LOL##LPL#JDG止步四强，笑笑开团BP力挺乌兹复出，LCK粉丝现场狂欢喊口号嘲讽LPL太诛心。 电竞赛事大围观的微博视频 
酒桶要减肥,0,4,4,#wrl2# W3D1洛超远距离帅气开团，可惜队友跟不上啊，jdg反手就送了tt一个团灭#jdg对战tt# 酒桶要减肥的微博视频 
好运耶耶_锦鲤,0,0,0,一点点个人小思考🤔DRX出的英雄多源于他们打的场数更多一些，而且T1下路端打JDG四局用的都是卢娜组合。而且几场下来对面都没有给到t1足够的压力掏出底牌，唯一掏的也就打jdg的青钢影加里奥体系和瑞兹分带体系。T1大概率还藏了下路女枪婕拉 打野死歌类s6地火流团战体系。 
奥恩不打铁,0,4,4,#wrl2# JDG率先拿下小龙，加里奥先手开团控住两人，武器大师天神下凡锤锤到肉 #JDG对战TT#奥恩不打铁的微博视频 
好运耶耶_锦鲤,0,0,0,一点点个人小思考🤔DRX出的英雄多源于他们打的场数更多一些，而且T1下路端打JDG四局用的都是卢娜组合。而且几场下来对面都没有给到t1足够的压力掏出底牌，唯一掏的也就打jdg的青钢影加里奥体系和瑞兹分带体系。T1大概率还藏了下路女枪婕拉 打野死歌类s6地火流团战体系。 
奥恩不打铁,0,4,4,#wrl2# JDG率先拿下小龙，加里奥先手开团控住两人，武器大师天神下凡锤锤到肉 #JDG对战TT#奥恩不打铁的微博视频 
大电竞eSportsFocus,5,45,367,【EDG、JDG、RNG选手教练参观拳头总部】好有意思！手机里的照片记得放出来cr. twi LifeAtRiot #英雄联盟S12# #S12最前线# 
大电竞eSportsFocus,1,0,33,JDG官方分享S12世界赛赛场返图📷“时间会铭刻你们的汗水，勇气永不凋落！”cr. @JDG京东电子竞技俱乐部 #英雄联盟S12# #S12最前线# 
马乾_,0,0,0,#为LPL出征S12助威##酷睿i9，为超神而生#  @英特尔中国 比赛又要开始了，还记得那一年RNG夺冠吗，开心极了，从S6到S12，如今rng和EDG都止步八强，只要我们还有队伍，就始终还有机会，JDG加油 
虎扑电竞,27,59,518,【Ruler：Gumayusi哥才跟我交手几次，就说厌烦了跟GEN交手】GEN.Ruler选手开播后被问到Gumayusi选手的采访，推特网友pooshock_发布相关视频，原视频翻译如下：前情提要-T1战胜JDG后Gumayusi的媒体群访以及韩文流赛后采访相关内容如下：Q：Gumayusi选手，前面一直在提DRX相关的问题，GEN可能要觉 ...全文
SETHMAUD,0,19,31,T1说一下DRX对T1的形式分析别看DRX掏的英雄多，实际上t1整体英雄池和体系远比DRX深厚 在团战拉扯和分带上也比DRX熟练的多。DRX出的英雄多源于他们打的场数更多一些，而且t1下路端打jdg四局用的都是卢娜组合。而且几场下来对面都没有给到t1足够的压力掏出底牌，唯一掏的也就打jdg的青钢影加里 ...全文
电竞食神,5,118,355,那天跟jdg比赛画面切到faker，faker激动的都流眼泪了，这个细节真没注意到啊#S12竞燃有我##超话创作官##英雄联盟s12# 电竞食神的微博视频 
电竞发言人bot,128,161,639,【369亮TES队标，左手感慨：最近每天跟他聊天!】TES早早淘汰，JDG则打进四强，这段时间一直有人玩梗：洗369的下个赛季去你主队。还有JDG打T1之前，大家都打趣369：无所谓，我会出手。因为JackeyLove的缘故，一直有人拿369当“工具人”，借此指责JackeyLove乃至于整个TES。实际上，TES选手至少左手 ...全文
电竞赛事大围观,0,0,2,#英雄联盟##游戏#JDG被T1淘汰止步四强后台画面曝光，369含泪发文道歉Kanavi哭了，笑笑开团BP力挺Uzi复出TBQ为Hope发声。 电竞赛事大围观的微博视频 
zhuyyuZzz,0,1,1,一个星期没有正常睡过觉了都怪jdg熬夜看比赛 还输了 
电竞赛事大围观,0,0,0,#英雄联盟##游戏#JDG1:3T1，T1淘汰JDG晋级总决赛。 电竞赛事大围观的微博视频 
电竞赛事大围观,0,0,1,#英雄联盟s12##游戏#Doinb预测4强比分不看好JDG，我知道LCK队伍情况，JDG不可能会赢T1，DRX大概率被零封。 电竞赛事大围观的微博视频 
元祖食品官方微博,165,125,65,今天是我们JDG战队打野Kanavi的生日！祝我们的Kan宝生日快乐～今后也要继续在喜欢的道路上发光哦！！关注+带#元祖xJDG联名#+🔄转发送出生日祝福，揪三名粉丝送出#元祖xJDG联名#蛋糕，一起和kan宝过生日吧～元祖食品 
兔玩游戏,0,9,54,@JDG快递小哥 晒照： 沉浸在手机里的咪神#2022全球总决赛##s12最前线# 
雷老板电竞圈,0,2,42,【Zeka：Faker是这世界独一档的瑞兹玩家】在Zeka的赛后专访中，主持人问到了将对战Faker，Zeka的应对方式。Zeka：“Faker是这世界独一档的瑞兹玩家，在与JDG的比赛中他充分证明了这点。我必须要充分在赛前做好准备。”另外Zeka也提到，加里奥与瑞兹这两个英雄，同样都有非常不错的支援能力以及单 ...全文
Luminois_me,0,0,1,JDG感觉未免有些太过宽容，进世界赛后基本每一把比赛都被爆线了，为啥还是一股子打进四强就算成功？你第一次来就活该队友都陪你？ 
英雄联盟神吐槽,111,147,806,【@丶涵艺 再次放出LPL转会消息】Tes: 阿水续约 其他未定V5：大概保留阵容 补强上野位RNG：下路打野大概留不住 朱开回EDG了EDG：无消息JDG：无消息WBG：中上续约 换打野 补AD 辅助未知LNG： AD要走 辅助全部到期 上路想续约还没谈OMG：换了资方 自负盈亏 不投入FPX：再次重建 新赛季没啥钱， ...全文
遇上一场烟火的表演,0,0,0,真的被自家赛区的某些双标搞无语了，自从t1晋级决赛并且大概率要赢以后就在那说t1今年夺冠了这个冠军没有含金量。 2比0去年的世界冠军edg，3比0横扫今年msi冠军rng，3比1绅士横扫我们赛区1号种子jdg？ 我们三家队伍都给人打成1比8了还没有含金量啊？我们不是自称lpl世界第一赛区吗？世界第一赛区被一个 ...全文
Luminois_me,0,7,6,JDGkanavi牙膏要是走了，我觉得369也可以考虑一下了 
吐槽帝逍遥先森,0,0,0,#酷爽冬游季##游戏先锋团##超话创作官# 【JDG分享S12赛场集锦Part 1】时间会铭刻你们的汗水，勇气永不凋落！继续挑战吧！ 
JDG京东电子竞技俱乐部,311,581,1919,#Kanavi生日快乐#今天是我们打野选手@JDG_Kanavi 的生日，凡是过往，皆为序章，kan宝生日快乐！未完成的梦想、没达到的目标，愿你在新的一岁里皆可实现，更加闪耀！不要再偷偷红眼眶啦，荆棘总会开成蔷薇，沿途风光月霁，继续勇敢向前！#坚定你所相信#JDG 
YG温久酒,0,5,2,看了T1和JDG的比赛，被宙斯和姑妈圈粉啦～决赛又想T1的小将们证明自己，又想戴先生职业圆梦好纠结 
可乐要加冰啦_,0,0,0,我滴jdg貌似这个转会期不太顺利那么隔壁我滴dk能不能顺利点来个thank you deokdam  补强下路 
九澜游戏,0,1,0,英雄联盟手游 第二届英雄联盟手游职业联赛 常规赛第一阶段W3D1 #JDG手游五连胜##JDG击败TT#JDG英雄联盟手游 获胜赛后采访：JDG_飞白 大白charles ：”为什么今天前两局你们队伍给到杰斯的优先级这么高呢？”JDG.Feibai：“因为杰斯这个英雄比较OP，然后他们敢放我就敢选，我们对这个英雄比较自信。 ...全文
JDG_JENA,0,13,38,"JDGIt is sad that the only one team can be happy after Worlds... Someone can say &quot;if one team make a better result than people expected, they will be happy&quot; .. Yes That's could be right. But I think, as professional player, It is impossible to be happy when they made th ...全文"
九澜游戏,0,1,0,英雄联盟手游 第二届英雄联盟手游职业联赛 常规赛第一阶段W3D1#JDG手游五连胜##JDG击败TT#高光时刻积极开团扩大优势，JDG先下一城沟通配合完美控龙，JDG拿到赛点沉着冷静抓住机会，JDG英雄联盟手游 拿下本场比赛胜利。 
兔玩游戏,1,3,34,@JDG京东电子竞技俱乐部 分享【赛场集锦】「S12世界赛赛场返图Part 1」📷时间会铭刻你们的汗水，勇气永不凋落！#英雄联盟s12##英雄联盟# 
断网正在进行中,0,0,2,娄运峰missingJDG 眼里有光的少年，谁能不爱呢 
九澜游戏,0,1,0,英雄联盟手游 #WRL2#第二届英雄联盟手游职业联赛 常规赛第一阶段W3D1#TT对阵JDG# 赛中高能10分钟，海洋亚龙处爆发团战，奥拉夫势不可挡拿下二连破，JDG英雄联盟手游 团战打出0换4。 九澜游戏的微博视频 
九澜游戏,0,1,0,英雄联盟手游#WRL2#第二届英雄联盟手游职业联赛【常规赛第一、二周最佳选手&amp;最佳阵容】新鲜出炉！最佳选手：KBG.Anran9最佳单人路：JDG.Lemon最佳打野：KBG.DaT最佳中路：KBG.Anran9最佳射手：RA.毅心最佳辅助：JDG.Doki恭喜他们以卓越不凡的精彩表现拿下第一周&amp;第二周最佳让我们一 ...全文
电竞赛事大围观,0,0,2,#Uzi##英雄联盟#T1击败JDG晋级决赛，众人谈jdg下路沦为突破口。没有uzi的lpl，下路怎么这样了？ 电竞赛事大围观的微博视频 
Score赛高,8,36,189,@丶涵艺  透露冬季转会期消息Tes: AD续约 其他不知情V5：大概保留班底 补强上野位RNG：射野大概留不住 教练回EDG了EDG：JDG：WBG：单人线续约 换打野 补AD 辅助不知道 LNG：没太了解 AD留不住 辅助俩都到期 上路想续约还没聊 OMG：换了资方 自负盈亏 不投入 FPX：大换血 新赛季 ...全文
一年一遇大锦鲤,0,0,0,#为LPL出征S12助威##酷睿i9，为超神而生#  @英特尔中国 LPL征战11年了，一直在关注今年JDG战队全员都表现不错，他们的表现非常精彩，他们一定会为国争光！一起努力！ 
电竞瓜友,50,65,176,#LPL与KPL能否相互成就# 先说我最明确的一个观点，遇到问题不反思自己、老从别人身上找原因隔空碰瓷的，有一个算一个，全是彻头彻尾的loser没错说的就是你们，说独苗JDG没了之后怪KPL把有天赋的年轻人都吸引去了的那些人有竞争一直是件好事。有旗鼓相当的对手，才会有压力，有压力才 ...全文
电竞赛事大围观,0,0,0,#英雄联盟##游戏#uzi把ad位置抬的高了，现在JDG败T1，LPL最后能拿得出手的位置也没了。 电竞赛事大围观的微博视频 
小爽爽萌萌哒,0,0,0,wrl冷知识：JDG端游和手游的打野都是今天生日 
玩加电竞LOL,119,35,152,【外媒统计：JDG vs T1比赛收视率高达223万】据外媒统计，本届全球总决赛目前的最高收视率为JDG vs T1的比赛，其收视率高达223万，DRX vs GEN的比赛收视率为194万紧随其后。cr.Esports Charts#英雄联盟S12# #2022全球总决赛# 
JDG快递小哥,28,61,326,【#京人前线# 】值日生：@JDG_Missing 沉浸在手机里的咪神#坚定你所相信# 
LOL手游小虎宝,2,2,5,#JDG手游五连胜# 赛后群访#JDG击败TT#再次恭喜@JDG英雄联盟手游 拿下五连胜～大家对于比赛都十分有自信！今天的三比零也在意料之中！一起来看看赛后采访吧！英雄联盟手游赛事 LOL手游小虎宝的微博视频 
无言游戏,0,0,1,第三局赛果，恭喜JDG拿下本场比赛，并且获得手游五连胜啦！TT 0:3 JDG#JDG手游五连胜##JDG击败TT# 
黑风海底阴暗爬行的鲶鱼精,0,3,6,JDG转会期还没到呢搁这把成员去哪都安排好了 真有你们的 
17173电竞,0,0,0,#TT对阵JDG# 赛果TT 0:3 JDG第三局MVP：JDG_飞白#WRL2##英雄联盟手游# 
王东来又回来了,0,0,1,#JDG手游五连胜##JDG击败TT##WRL2# 经历了前两局的失败， TT 可能是已经破罐子破摔了，而 JDG 也在击败 TT 后赢得比赛的胜利。其实从这几天的比赛中也可以看得出来，JDG的整体实力一直是非常在线的，而自从他们在前面失利之后迅速调整战术，也让 JDG 在接下来的比赛里发挥出非常大的优势，打得非常 ...全文
王东来又回来了,0,0,0,#TT对阵JDG##WRL2# 第 2 局 TT 非常头铁又拿出了和第 1 局几乎一样的阵容，结果被 JDG 继续吊打。其实从这场比赛可以看得出来， TT 对于这套阵容绝对是练过的，而且应该是他们比较自信的阵容，可能他们觉得第 1 局之所以没有赢得胜利，关键是自己这边没有配合好，所以第 2 局他们一定要再拿一套这样 ...全文
王东来又回来了,0,0,0,#TT对阵JDG##WRL2# 第 1 局 JDG 表现出的绝对统治力，可以说是其赢得胜利最关键的因素。在 bp 阶段其实就看得出来， TT 选了一个非常不常见的打法类型，虽然英雄都比较强力，不过看起来没有磨合过，所以在比赛中没有办法发挥出这些强力英雄的绝对优势，而 JDG 选的英雄相对传统操作上就占有优势了。 ...全文
17173电竞,0,0,0,#TT对阵JDG# 赛果TT 0:3 JDG第三局MVP：JDG_飞白#WRL2##英雄联盟手游# 
王东来又回来了,0,0,1,#JDG手游五连胜##JDG击败TT##WRL2# 经历了前两局的失败， TT 可能是已经破罐子破摔了，而 JDG 也在击败 TT 后赢得比赛的胜利。其实从这几天的比赛中也可以看得出来，JDG的整体实力一直是非常在线的，而自从他们在前面失利之后迅速调整战术，也让 JDG 在接下来的比赛里发挥出非常大的优势，打得非常 ...全文
王东来又回来了,0,0,0,#TT对阵JDG##WRL2# 第 2 局 TT 非常头铁又拿出了和第 1 局几乎一样的阵容，结果被 JDG 继续吊打。其实从这场比赛可以看得出来， TT 对于这套阵容绝对是练过的，而且应该是他们比较自信的阵容，可能他们觉得第 1 局之所以没有赢得胜利，关键是自己这边没有配合好，所以第 2 局他们一定要再拿一套这样 ...全文
王东来又回来了,0,0,0,#TT对阵JDG##WRL2# 第 1 局 JDG 表现出的绝对统治力，可以说是其赢得胜利最关键的因素。在 bp 阶段其实就看得出来， TT 选了一个非常不常见的打法类型，虽然英雄都比较强力，不过看起来没有磨合过，所以在比赛中没有办法发挥出这些强力英雄的绝对优势，而 JDG 选的英雄相对传统操作上就占有优势了。 ...全文
兔玩游戏,2,11,61,【#中韩对抗赛#半决赛：韩国2队 0-2 韩国1队】S12冠军预测（半决赛前）Kramer：GENSwift：DRXCrown：GENRay：JDG或DRX 
王东来又回来了,0,0,0,#TT对阵JDG##WRL2# 旅途中没赶上，那么我就简单的做一做赛后点评吧。从大乱斗这里就可以看出 JDG 对 TT 的压倒性的攻势，因为这种战斗非常考验双方的团战能力而就 JDG 的表现来说，在团战上真的可以说非常强悍， TT 与其还是有很大差距的。所以这也基本上奠定了 JDG 的比赛胜利。 
OPE体育电竞官方,0,0,0,#英雄联盟#提到大主播就不得不说他最近的预测，在外界一致看好JDG的时候，他一波预测直接猜对结果JDG被带走，这次Doinb更是预言，T1将会百分之一百拿到冠军，他表示自己从目前队伍状态来观察DRX虽然有实力，但状态远远没有T1好，只要T1不拉胯基本上延续状态稳定拿冠军。 
王沫沫Cute,0,0,3,【WRL2常规赛】JDG赛后粉丝互动#JDG手游五连胜# #JDG击败TT# #竞燃有我# 王沫沫Cute的微博视频 
LOL手游小虎宝,0,0,0,#WRL2##TT对阵JDG# 第三局赛果TT 0:3 JDG本局MVP：@JDG_飞白 英雄联盟手游赛事 
王沫沫Cute,0,0,4,【WRL2常规赛】JDG赛后采访FEIBAI:就是我们BP的时候被Ban太多中单英雄了#JDG手游五连胜# #JDG击败TT# #竞燃有我# 王沫沫Cute的微博视频 
